timestamp,machine_id,temperature,vibration,pressure,rpm,current
2026-01-05 06:01:00,Machine A,59.3760095362557,2.1600360956645166,5.04702823581956,1476.587577736154,11.739564098627536
2026-01-05 06:01:00,Machine B,59.98991930549742,2.0317564857941135,5.043969898743142,1509.3335032251473,12.013206139512244
2026-01-05 06:01:00,Machine C,59.484424522270054,2.1295000627266,4.95205586995855,1510.5414036156872,11.990014817802749
2026-01-05 06:02:00,Machine A,60.73352480320442,2.0876376414344957,4.978583608891845,1495.7743973941413,12.10646183711067
2026-01-05 06:02:00,Machine B,60.25849260180473,2.271331808069637,4.979679249180769,1493.8530872511415,11.837245454350425
2026-01-05 06:02:00,Machine C,59.93163152540708,2.032787481842998,4.958775939215438,1507.8071134538964,12.148650834240689
2026-01-05 06:03:00,Machine A,60.325892560983114,2.0467592234169047,5.011608066153336,1501.4002297096888,12.043737719345803
2026-01-05 06:03:00,Machine B,60.40734813784314,2.1054063255591116,5.014455969934499,1507.5754587100625,11.708568836028867
2026-01-05 06:03:00,Machine C,59.61667329105399,2.0779886199018653,5.07474706556172,1489.6100266116812,12.193655670918297
2026-01-05 06:04:00,Machine A,60.097651839063005,2.146897786508742,5.035561328989643,1509.520166822399,11.930254985550313
2026-01-05 06:04:00,Machine B,59.88521740507103,1.9979450941329664,4.943335639299826,1488.9665725679806,12.099432148810752
2026-01-05 06:04:00,Machine C,59.74364841219808,2.1126831752861372,5.031279519698367,1496.2878415233572,12.091355047511483
2026-01-05 06:05:00,Machine A,59.770957263601005,2.0043328283528767,5.024348624039279,1494.3671719175672,12.002498823745537
2026-01-05 06:05:00,Machine B,60.399231065383674,2.092121161239246,4.978835084397792,1499.0433814691232,11.662533113208394
2026-01-05 06:05:00,Machine C,59.40165190343911,2.131981938137875,4.954726047231997,1495.4620493515274,12.259845659557213
2026-01-05 06:06:00,Machine A,59.439829391994074,2.0835649953705895,4.952498897254471,1495.9316030891932,12.168061627491479
2026-01-05 06:06:00,Machine B,60.14264136139937,2.0524680035442566,4.9276971072805775,1500.8655540925665,11.89410145818724
2026-01-05 06:06:00,Machine C,60.96106733479255,2.080851549802158,4.948825125368907,1502.1513076194758,12.043999336794354
2026-01-05 06:07:00,Machine A,60.21412263548971,2.2170642312975652,4.940561847283857,1492.322981607003,11.814684811718895
2026-01-05 06:07:00,Machine B,60.381090568088645,2.0822221842320983,4.926459685274867,1487.8130510255096,12.06270276949004
2026-01-05 06:07:00,Machine C,61.748317479604395,2.13315275466208,4.950523093998407,1474.4154446312243,12.053542292468768
2026-01-05 06:08:00,Machine A,59.632741920564115,2.088736729086689,5.053299011539382,1501.8845828093442,11.968273032592263
2026-01-05 06:08:00,Machine B,59.708215254556,2.0956973959345344,5.088396495678994,1501.5632942576747,12.196547902204612
2026-01-05 06:08:00,Machine C,59.42092994266058,2.0419819148371396,5.106423486621758,1490.1433598493074,12.16769784074727
2026-01-05 06:09:00,Machine A,60.23097057966352,2.087468968187353,4.997961873693228,1492.1425476548472,12.089214440296416
2026-01-05 06:09:00,Machine B,59.23323745540823,2.1138070334177694,5.078954562820522,1501.9198993628813,11.976272334778024
2026-01-05 06:09:00,Machine C,60.13162950081831,2.0671258215333013,5.055314435502995,1505.1450772615394,12.307151198399199
2026-01-05 06:10:00,Machine A,59.1791044804526,2.2320742345785,5.086183286039165,1497.8457694406088,11.923362535772803
2026-01-05 06:10:00,Machine B,59.4631637886265,2.1514661435751234,4.98026974385702,1499.938537599359,11.967311420295097
2026-01-05 06:10:00,Machine C,60.05435094414105,2.151515103462149,4.897491394948449,1499.4153791768385,11.831353945941427
2026-01-05 06:11:00,Machine A,59.79952593557951,2.173272203388481,4.933680364113021,1500.367577911133,11.903166113333285
2026-01-05 06:11:00,Machine B,60.32286926220235,2.2069918485954196,4.992274716037505,1491.6486886599516,11.9552282366239
2026-01-05 06:11:00,Machine C,59.34936715665998,2.10723918253023,5.011411416506945,1530.2096884504072,12.375368922256333
2026-01-05 06:12:00,Machine A,59.1219347988978,2.052743438882921,5.0157802501795175,1514.4702434506587,11.854183232451279
2026-01-05 06:12:00,Machine B,59.90240044767305,2.015006847051235,4.973528028631696,1489.477670661989,11.981147489149489
2026-01-05 06:12:00,Machine C,61.27754826721698,1.9970061934980776,4.945160721077268,1522.0429623398559,12.581013433848081
2026-01-05 06:13:00,Machine A,60.20493333056431,2.2382958115524474,4.950657146078588,1497.0566658486946,12.155467515212349
2026-01-05 06:13:00,Machine B,59.919706221290376,1.9900083353304014,4.9880913128012665,1496.8033501198925,12.04643397792525
2026-01-05 06:13:00,Machine C,60.6076294906919,2.1124343462134774,5.01758782041996,1500.6378641709343,12.000016878618283
2026-01-05 06:14:00,Machine A,59.941628040951905,2.2674534647144475,5.078667745123762,1504.630158630678,11.847388558061047
2026-01-05 06:14:00,Machine B,59.33255311680995,2.195291436247109,5.013137461257357,1505.7617208406994,11.651082802605162
2026-01-05 06:14:00,Machine C,59.33374158935131,2.0622780154040043,5.013185860217826,1500.629601580275,11.94156576283929
2026-01-05 06:15:00,Machine A,60.09153750726148,2.2177193578394525,4.871667077953435,1497.1577968258837,12.035302484274489
2026-01-05 06:15:00,Machine B,58.94596693051285,2.126239638697129,5.086367510708209,1481.5936631410063,12.172765602739638
2026-01-05 06:15:00,Machine C,59.36826089357763,2.0732435062115298,5.065002229734948,1506.9918629038525,12.346462321081988
2026-01-05 06:16:00,Machine A,61.04636071570067,2.135119452699064,5.041399408839853,1496.4411485575836,12.013309163171842
2026-01-05 06:16:00,Machine B,59.29301782613108,2.162588027393413,4.990467447124742,1514.054965121608,12.150173797746252
2026-01-05 06:16:00,Machine C,59.056775846608055,2.094643746168144,4.94139964037026,1493.7806418916048,12.302245686655345
2026-01-05 06:17:00,Machine A,59.39176958013576,2.102622567430101,4.939171992530944,1491.946316671241,12.062401894310248
2026-01-05 06:17:00,Machine B,58.62522629484114,2.124349338322421,5.003601678661629,1504.9666834244724,12.323241936330241
2026-01-05 06:17:00,Machine C,60.354543793676015,1.9734724480436847,5.073797452402675,1504.420279352408,12.169316797168682
2026-01-05 06:18:00,Machine A,60.641082933593424,2.1186302416109735,5.011720044634934,1503.2441188713808,11.827330947052124
2026-01-05 06:18:00,Machine B,60.2300363186121,2.179985939752824,4.94707319590108,1498.499891636165,12.296291109531795
2026-01-05 06:18:00,Machine C,60.121383715098716,2.1675508152388256,5.000571302778033,1515.9475270852438,12.171358796513305
2026-01-05 06:19:00,Machine A,61.39659186020765,2.0835870648907164,4.899823885396675,1519.2510523382057,11.908460113808635
2026-01-05 06:19:00,Machine B,59.038644275364646,1.999868222871509,4.919936103144058,1490.4703645196948,12.087927321203399
2026-01-05 06:19:00,Machine C,59.15234046966458,1.9151917250693886,5.002717679269519,1494.33868759634,12.091877154343322
2026-01-05 06:20:00,Machine A,60.45607985122551,2.1183369099292055,5.026503235280074,1491.5439208455614,11.964077717233708
2026-01-05 06:20:00,Machine B,59.76375529666526,2.141693380458569,4.986708060404231,1498.5894939920624,12.165903808404815
2026-01-05 06:20:00,Machine C,59.110688761534306,1.9133107104121356,4.966086777992241,1508.993206796733,11.943023186723485
2026-01-05 06:21:00,Machine A,60.796611679360616,2.094468965221909,5.06767929447847,1501.1055199012094,11.832520355234507
2026-01-05 06:21:00,Machine B,59.46711968775981,2.0713586649540456,5.04017925096893,1520.6492379739918,11.723563696924591
2026-01-05 06:21:00,Machine C,60.28481825307792,2.089513067944982,4.908454708707623,1511.1395638988217,11.878999857438254
2026-01-05 06:22:00,Machine A,59.60743003398747,2.1342312352555934,4.990537782953179,1503.9439440273898,12.072384370785768
2026-01-05 06:22:00,Machine B,59.11388530989256,2.1853777933257588,4.983425591395137,1513.3751093349285,12.076675422636495
2026-01-05 06:22:00,Machine C,61.17060753607578,2.2661584423243,5.003469056756639,1501.9222871198049,12.215248031493276
2026-01-05 06:23:00,Machine A,59.984482291227685,2.1251126569166043,4.95833155970253,1480.9251900802924,11.585403312801741
2026-01-05 06:23:00,Machine B,59.824085048010744,2.2549784929943613,5.055299668495365,1488.4549066039006,12.069541690490192
2026-01-05 06:23:00,Machine C,60.11119538964923,2.1495336893580315,4.983037075805799,1512.7662183928123,11.77161235477152
2026-01-05 06:24:00,Machine A,60.13384784557517,2.214657160528494,5.004576008908661,1506.9693251439576,11.988643361121461
2026-01-05 06:24:00,Machine B,60.25818081537453,2.0318770248651385,5.033279261815672,1513.0234440533509,12.073306281447445
2026-01-05 06:24:00,Machine C,59.81479616667215,2.174843770037212,4.908429695789244,1495.9727115825763,11.6018376009752
2026-01-05 06:25:00,Machine A,60.53711098918301,2.0424415813372168,4.924874827197955,1464.4256539459002,11.891300898413473
2026-01-05 06:25:00,Machine B,59.6642566283703,2.1372064167600247,4.921952082350278,1496.4321196476283,12.019895494603148
2026-01-05 06:25:00,Machine C,60.20678713574163,2.1534660814486397,4.965581385888462,1510.7737849009266,12.325787389524798
2026-01-05 06:26:00,Machine A,60.80147060179214,2.0846924810643954,5.070191069603328,1494.6895714572938,12.291009115254143
2026-01-05 06:26:00,Machine B,60.93883081300194,2.0710583618044662,4.952943895203752,1494.6172295036597,12.090466790128628
2026-01-05 06:26:00,Machine C,59.676737209429355,2.1918250128586854,4.880286984754976,1490.56121069875,11.66270636975318
2026-01-05 06:27:00,Machine A,59.892464024730145,2.079729794484159,4.992040756430997,1502.4406588874392,11.79829279161138
2026-01-05 06:27:00,Machine B,60.23102276259366,2.144522675420101,5.014820900040433,1524.4208796327728,11.982581165789497
2026-01-05 06:27:00,Machine C,59.3806423976533,2.000442256991914,4.955560134338454,1499.151835420175,12.066859025699543
2026-01-05 06:28:00,Machine A,60.540110738411975,2.159153013784076,4.992017584628899,1492.1650062640235,12.10968558416596
2026-01-05 06:28:00,Machine B,59.95921184640936,2.1209628649659504,4.955015260675612,1502.2781207140492,11.709035502948442
2026-01-05 06:28:00,Machine C,59.84848959941822,2.129076347027126,4.879503901710006,1486.123828076816,11.941244215969574
2026-01-05 06:29:00,Machine A,61.1983779184488,2.005870822445656,4.958126829795741,1502.825380419719,12.322223229699924
2026-01-05 06:29:00,Machine B,61.09277931048786,1.9678592681456588,4.935946539657708,1494.91672072247,11.895882317428917
2026-01-05 06:29:00,Machine C,58.93502276421472,2.141232832232065,4.9711230556322175,1515.2933666032948,11.874482492712616
2026-01-05 06:30:00,Machine A,60.457755889402165,2.1358479491148965,4.915720134130759,1506.456413279139,11.79313838966512
2026-01-05 06:30:00,Machine B,60.26779328852584,2.0354720876554104,4.935868267486974,1508.5658416377887,12.04832890433535
2026-01-05 06:30:00,Machine C,59.735608547058156,2.1025686139176747,5.01344567238393,1492.5640087904567,12.094227258679986
2026-01-05 06:31:00,Machine A,60.81758558388201,2.0167531157990055,4.879360983453526,1519.3312439401427,12.5098655905214
2026-01-05 06:31:00,Machine B,59.81370961428243,2.0771021640127465,4.990503807948887,1486.6393434969377,12.115912228495295
2026-01-05 06:31:00,Machine C,60.419518039016936,2.2642147985556713,5.008598016621853,1495.9520980551779,11.971599357118496
2026-01-05 06:32:00,Machine A,60.09863442178638,2.0687628840429753,5.092391250647802,1497.9099271943405,12.333577522223903
2026-01-05 06:32:00,Machine B,60.19164015827474,2.0304762201708173,5.008869805731847,1514.5502260419792,11.93524165914268
2026-01-05 06:32:00,Machine C,59.458546143124494,2.0726127249068895,4.995920611515744,1479.5321734078138,11.676868332135864
2026-01-05 06:33:00,Machine A,58.46115339490766,2.162787522928651,5.013618487763712,1491.4335021115621,11.736633957788351
2026-01-05 06:33:00,Machine B,61.42956136961045,2.133615087897995,5.019385157063101,1497.9968648386973,12.163355173440157
2026-01-05 06:33:00,Machine C,59.68720624881763,2.0651674021644832,4.976044841454401,1509.489620654148,12.299674888059347
2026-01-05 06:34:00,Machine A,60.18844633432188,2.080339079998968,5.047602682656994,1472.9786725125714,11.83465899061662
2026-01-05 06:34:00,Machine B,59.421816933378715,2.026787510732326,4.989944767274059,1513.3555906999231,11.95098786976186
2026-01-05 06:34:00,Machine C,60.62950417286481,2.021923294710808,4.954471255803927,1506.7025875112906,11.955692776853839
2026-01-05 06:35:00,Machine A,60.42099818885374,2.017193750876749,4.9993957674605864,1497.4717198276421,11.756821815179174
2026-01-05 06:35:00,Machine B,59.789428570669216,2.0182175774682136,4.9951910531538335,1513.5362262881915,11.543852430925615
2026-01-05 06:35:00,Machine C,60.876707320032196,2.122606958633544,5.038365862023062,1486.3180689704852,11.776092824945895
2026-01-05 06:36:00,Machine A,60.32924329131848,2.084986320725724,5.013907186322731,1501.8974290188612,12.155553477816985
2026-01-05 06:36:00,Machine B,58.65163886679549,2.1801396318121204,5.059386254663097,1487.75252376584,11.628032918690874
2026-01-05 06:36:00,Machine C,61.078556713460586,2.141303805768116,4.981414165170715,1489.2824325409817,12.002290258334131
2026-01-05 06:37:00,Machine A,61.229253390517975,2.2428134721657704,5.056802434177771,1488.9497952262905,12.171003864859456
2026-01-05 06:37:00,Machine B,60.74979916022627,2.1508296914289025,5.0370007118152165,1507.6428754004664,12.068158281600422
2026-01-05 06:37:00,Machine C,59.66628482469053,1.9976127233887984,5.084090830965041,1520.7479440906284,12.271844120059122
2026-01-05 06:38:00,Machine A,60.00723190836109,2.1162237821518226,4.945326431476901,1504.763895653986,12.012077185684884
2026-01-05 06:38:00,Machine B,59.95216226168591,2.2438048933315713,5.0447106664256705,1500.1373452690975,12.049757461960217
2026-01-05 06:38:00,Machine C,59.350543681567025,2.087915849791446,4.962695087167375,1484.9962135329222,12.102244362909508
2026-01-05 06:39:00,Machine A,59.92638921750292,2.179656110871994,5.052961186944816,1512.3100421146228,12.007782641380292
2026-01-05 06:39:00,Machine B,60.20676294285021,2.1303424027492133,5.0643665555802535,1513.199755804105,11.973554268693766
2026-01-05 06:39:00,Machine C,60.130338716886314,2.0838333403688476,4.971105294596117,1503.034617779639,11.899208451717877
2026-01-05 06:40:00,Machine A,59.75880445192248,2.119528351118268,5.013660201142606,1486.3268519869011,11.903751775226917
2026-01-05 06:40:00,Machine B,58.73000733061768,1.9510523877405992,5.001455497328833,1500.3710073363925,11.976477828914977
2026-01-05 06:40:00,Machine C,60.237560324658496,2.224915056144286,4.9436109617554145,1495.4423218585212,11.849421616554276
2026-01-05 06:41:00,Machine A,60.8564911702107,2.2469909340390015,4.983203038747993,1522.8607225687736,12.007115295396925
2026-01-05 06:41:00,Machine B,60.078634695627684,2.129237957811427,5.158942683968377,1510.2154268981374,11.858547094009706
2026-01-05 06:41:00,Machine C,59.706149890259276,2.172688108791369,5.001554279388557,1503.3429109741417,12.00279704437306
2026-01-05 06:42:00,Machine A,58.83781984037675,2.1533258134887627,4.950899029008485,1482.692410373287,11.988317751228264
2026-01-05 06:42:00,Machine B,60.498619114600785,1.9926259866903275,4.979652812561372,1492.981510380804,11.990682545932133
2026-01-05 06:42:00,Machine C,60.43456960647374,2.105040189466776,4.905402687334404,1476.4969027152356,11.997536141414137
2026-01-05 06:43:00,Machine A,59.98321052608187,2.1180447871608146,5.047382480492415,1486.6667411889894,11.76560568141984
2026-01-05 06:43:00,Machine B,60.746968427187866,2.0654928449408394,4.874915007792017,1479.5520856486755,11.833392655440798
2026-01-05 06:43:00,Machine C,60.02314867378855,2.075060293534204,5.0524669805271705,1491.8877923318237,11.82753640810489
2026-01-05 06:44:00,Machine A,60.233815023192,2.1082042546981015,4.992627875504092,1519.0593132857912,11.875558510941056
2026-01-05 06:44:00,Machine B,59.23379013301786,2.105593566479586,4.946187739984062,1490.978929826238,12.079406660003098
2026-01-05 06:44:00,Machine C,60.59244308702784,2.1926006206416906,5.071815087828164,1506.3529608855088,12.27268574241714
2026-01-05 06:45:00,Machine A,59.47979684620594,2.1095380688901915,4.971427539040163,1498.0061058966032,12.37643497604081
2026-01-05 06:45:00,Machine B,59.86063840204546,2.106057063036547,5.000300834021804,1505.379888791678,12.233061507109435
2026-01-05 06:45:00,Machine C,60.35372813162136,2.0079308392651547,4.995606162879219,1511.283473578603,12.173193727683431
2026-01-05 06:46:00,Machine A,60.29446002539629,2.1960245006607457,5.014467957847856,1495.7316202131476,12.067168251386605
2026-01-05 06:46:00,Machine B,57.81095230487113,1.9621229274075667,5.022588430047049,1505.7303520472014,11.767514243972014
2026-01-05 06:46:00,Machine C,59.7095819210564,2.279433624992239,4.999904007341183,1504.896434122575,12.323374879699722
2026-01-05 06:47:00,Machine A,59.934163528983426,2.097151141104793,4.931762917389921,1496.9300151439102,11.851561581200512
2026-01-05 06:47:00,Machine B,59.83032255051146,2.091505445550194,5.011156100920308,1507.4017703962775,11.800057554266123
2026-01-05 06:47:00,Machine C,59.752597876677164,1.9866526325922502,5.022190635469156,1505.5604376723923,11.693856948548659
2026-01-05 06:48:00,Machine A,60.22463187102376,2.1505585187009117,4.929786545095462,1503.9724818599543,11.939476048105911
2026-01-05 06:48:00,Machine B,60.88756470640454,2.2435496043680287,5.065740393575295,1498.6831898204377,12.070544032605268
2026-01-05 06:48:00,Machine C,60.07845851274693,2.1659002505500946,4.9970358676987034,1491.248556763516,11.917105386832828
2026-01-05 06:49:00,Machine A,60.204125986121,2.153606339376175,4.981257926855119,1509.0749779635578,12.075768520691678
2026-01-05 06:49:00,Machine B,59.69955315374585,1.9675923725451854,4.947747814520685,1487.7474580718601,12.010434663731507
2026-01-05 06:49:00,Machine C,60.37182117928949,2.1271900288954164,5.015802393532215,1504.9179414879443,12.123226933600447
2026-01-05 06:50:00,Machine A,58.691873961306314,2.1028847941438236,4.9997683513887825,1512.5463872974763,12.237526878544225
2026-01-05 06:50:00,Machine B,60.29109666752744,2.057766589014055,4.999930367427832,1511.8336358035292,11.888445730802115
2026-01-05 06:50:00,Machine C,59.427124909721506,2.177911530257392,5.034928317268575,1501.223110648472,11.84753530839447
2026-01-05 06:51:00,Machine A,60.32555667797518,2.0235499866078883,5.021875612430994,1485.0989336534592,11.95918628311223
2026-01-05 06:51:00,Machine B,59.17361060668778,2.2177611653192106,5.007492120699364,1504.9340630161917,12.023669582677641
2026-01-05 06:51:00,Machine C,60.872430108874475,2.063482308462022,5.056611728608963,1492.2675945574438,11.987949630719742
2026-01-05 06:52:00,Machine A,60.86707557415592,2.093811505614332,4.990155715064804,1486.6245964431848,11.954141469289539
2026-01-05 06:52:00,Machine B,60.13607162766548,2.205521055819312,5.140460543061475,1492.960978979149,12.287060031329087
2026-01-05 06:52:00,Machine C,60.25955667103569,2.1049533186943967,5.005519786280611,1495.10000204608,11.72037806804023
2026-01-05 06:53:00,Machine A,59.83397994594857,2.0523128880275068,5.000425281336158,1509.5391870349874,12.03607278860528
2026-01-05 06:53:00,Machine B,60.94751130178898,2.1395645324258283,5.048683175567205,1514.9035199617658,12.226019863280904
2026-01-05 06:53:00,Machine C,60.3117963440079,2.0122129860362366,5.035036157842979,1483.7302323464814,11.841080108974989
2026-01-05 06:54:00,Machine A,60.892438973811515,2.0782660493050167,4.942387557936161,1497.114753635156,12.020406259448114
2026-01-05 06:54:00,Machine B,59.78323774499793,2.128162757744234,4.950568642528269,1505.4038073365257,12.000621710037127
2026-01-05 06:54:00,Machine C,59.889494552090866,2.0783875896530324,5.088567062113384,1498.8186479723054,11.951220777964533
2026-01-05 06:55:00,Machine A,59.84215594532619,2.045131785905869,5.0690853796688895,1498.0207466952454,12.257688849863651
2026-01-05 06:55:00,Machine B,59.946722131372496,2.1003037001297167,5.085939750152493,1472.1646712789855,11.599690851112264
2026-01-05 06:55:00,Machine C,60.414062654858405,2.1378469758421983,4.980787704355971,1512.2285243189012,12.206039080630546
2026-01-05 06:56:00,Machine A,60.16358715805928,2.0550813578573695,5.03489084195,1501.3273574709442,12.000267969350897
2026-01-05 06:56:00,Machine B,59.14938949790426,2.0050343658900505,4.98183696762156,1496.9447019628076,11.69853487044539
2026-01-05 06:56:00,Machine C,61.474454455245535,2.244139355819772,4.979412529115767,1495.6370005163185,11.770159200562341
2026-01-05 06:57:00,Machine A,59.401288810053586,2.093211957467039,4.919989707547826,1490.856306500277,12.029725419060567
2026-01-05 06:57:00,Machine B,59.20770660950578,2.168374858410845,4.9599894151699075,1507.5942949752878,11.997872264676362
2026-01-05 06:57:00,Machine C,60.21921824523826,2.149037230437968,4.992950605127779,1518.3813466872127,12.201502154197312
2026-01-05 06:58:00,Machine A,61.16027609111291,2.256838768062642,4.938600005958875,1488.8816026661143,12.29698375734677
2026-01-05 06:58:00,Machine B,59.70828352158057,2.133618136757967,4.994880164669445,1492.193236555133,11.865157507655098
2026-01-05 06:58:00,Machine C,61.36897972636564,2.1238008856948443,5.0443379527202366,1494.131070382573,11.96280866456279
2026-01-05 06:59:00,Machine A,59.17319443389128,1.9551505056015686,4.88751081110242,1485.6556923084227,12.264991135876326
2026-01-05 06:59:00,Machine B,60.24658954614053,2.1626047060572127,4.954955150234771,1506.287411450312,12.14574284681487
2026-01-05 06:59:00,Machine C,60.3397126551449,2.0560357903095934,4.94386157838645,1485.7904600172208,12.017301108384292
2026-01-05 07:00:00,Machine A,60.01595120479566,2.145642962891079,5.030909535733265,1518.6225614414698,12.255396166439608
2026-01-05 07:00:00,Machine B,59.68141409726657,2.1835898249963543,5.003399331302554,1495.0542074585164,11.638460628045014
2026-01-05 07:00:00,Machine C,60.580379541505664,2.22134341257114,4.960154450535166,1503.6236489102312,11.854921695598405
2026-01-05 07:01:00,Machine A,59.97687704289395,2.239171843354481,4.975888376064854,1511.992035989694,12.019482682591557
2026-01-05 07:01:00,Machine B,59.97026469746905,2.090760089656085,4.958197144257711,1507.944978414981,12.130049801115673
2026-01-05 07:01:00,Machine C,60.869606880741784,2.0700044248120695,5.018652615921709,1492.5167917289014,12.004671063222911
2026-01-05 07:02:00,Machine A,60.218218890205776,2.082557669751646,5.059680928592819,1473.9526150824552,11.597179481026942
2026-01-05 07:02:00,Machine B,60.150267780156454,1.993888311734516,4.9988383144574815,1524.0421129248161,12.164839923959173
2026-01-05 07:02:00,Machine C,59.76325628887837,1.9296641688639986,5.012882021046058,1510.1457973017823,11.684876134565878
2026-01-05 07:03:00,Machine A,59.42078928311474,2.104278530145752,4.895779892250577,1507.3712452602847,12.150771013986736
2026-01-05 07:03:00,Machine B,59.402148824398566,2.198632154728216,4.8611002859635715,1495.8297190536778,11.763999844306548
2026-01-05 07:03:00,Machine C,60.24237241244137,2.1452368335335277,5.091811291986501,1497.5646966758954,12.075208873924522
2026-01-05 07:04:00,Machine A,59.54369469115718,2.0551396668729804,4.9988876102575395,1481.2453878559218,12.045754005785788
2026-01-05 07:04:00,Machine B,59.04666146149277,2.0900952564536275,5.037101445148974,1477.4641348084092,11.785046797236458
2026-01-05 07:04:00,Machine C,60.24718294927605,2.248759584609865,5.02342763892531,1507.8946561251983,12.542149105443665
2026-01-05 07:05:00,Machine A,60.25667783894828,2.135119282351112,4.973664230402689,1487.611235765342,12.461968884418015
2026-01-05 07:05:00,Machine B,60.54955818136776,2.0912683878750933,4.987355927684108,1506.747274462974,11.741623546353662
2026-01-05 07:05:00,Machine C,61.14777288463905,2.137294212975785,4.981189394810826,1493.9147366348611,11.917932005330979
2026-01-05 07:06:00,Machine A,60.54978686464474,1.9613432717432815,5.043100002520607,1495.4437616982893,12.075389557139074
2026-01-05 07:06:00,Machine B,60.74738097610312,2.176767242060006,4.924262261210323,1509.9494528527925,12.080971017527142
2026-01-05 07:06:00,Machine C,60.21872069341996,2.1444860219058524,5.008863068347443,1503.4947770021686,12.29472227845062
2026-01-05 07:07:00,Machine A,59.80953686709739,2.086827917796484,4.912395071363651,1501.1301966987878,12.249751554482101
2026-01-05 07:07:00,Machine B,59.45050591362214,2.046247038105626,5.073869681708501,1493.489306158658,12.092442497802125
2026-01-05 07:07:00,Machine C,60.361591467783896,2.085400012587979,5.028777325499995,1483.0821668526262,12.236506148350532
2026-01-05 07:08:00,Machine A,59.70500663102071,2.0535478877803532,5.034733530581421,1503.0708822012507,12.130349628280609
2026-01-05 07:08:00,Machine B,59.74869075364498,2.278378547312764,4.921603479178475,1515.1312478827558,12.273581490144194
2026-01-05 07:08:00,Machine C,60.59729416976719,2.177691120545833,5.001401109351294,1497.393286101376,11.958118234592078
2026-01-05 07:09:00,Machine A,60.10878853071685,2.0270845101490167,5.041221353119249,1511.0538089567376,12.130931905689557
2026-01-05 07:09:00,Machine B,59.442606499721656,2.0305445255487378,4.918226837577107,1502.8433833385513,11.983310243354682
2026-01-05 07:09:00,Machine C,59.2516095181835,2.1896672521122533,4.966768699996844,1504.3271001318822,11.721862914004948
2026-01-05 07:10:00,Machine A,60.17402423789012,2.2860623833505347,5.07582200502947,1496.3212125445552,11.881355963025928
2026-01-05 07:10:00,Machine B,59.936865519449476,2.0683804683997224,5.073359062535452,1498.629481298666,12.459917818607464
2026-01-05 07:10:00,Machine C,60.21439165362638,2.177036845859956,4.963769447424114,1489.754889328951,12.091941191002997
2026-01-05 07:11:00,Machine A,59.22816399894978,1.991179330696854,4.928643179890688,1478.7885346447274,12.021897071889418
2026-01-05 07:11:00,Machine B,58.643751145597285,2.084739163173236,4.99186005016837,1525.1519850027053,11.70857241741609
2026-01-05 07:11:00,Machine C,60.26998700480793,2.145065045881314,5.005729221851194,1503.9593224638872,12.155521906055707
2026-01-05 07:12:00,Machine A,59.17619818986868,2.1262694378265232,5.0089370481643165,1492.6044829416946,11.995462944934872
2026-01-05 07:12:00,Machine B,59.78783115503181,2.011680909170267,5.016139873204662,1486.1989740701717,12.14239540459821
2026-01-05 07:12:00,Machine C,59.625237955070894,2.206011738309987,5.01651449728083,1497.4591943694672,12.099743888213945
2026-01-05 07:13:00,Machine A,61.198508506682856,2.110587720512214,5.003395658458467,1506.5775405557063,12.17912104866287
2026-01-05 07:13:00,Machine B,60.12617477465169,2.0428098750481993,5.065601263110996,1496.2179073213774,11.613093852857377
2026-01-05 07:13:00,Machine C,59.859524677630255,2.0849292698188493,4.978776864510905,1512.946548468357,12.239703967303338
2026-01-05 07:14:00,Machine A,60.37036894829536,2.1444288182806863,5.015469578507847,1511.7777569916973,11.767034380707791
2026-01-05 07:14:00,Machine B,60.44953375632051,1.965012184446932,4.953486765636497,1518.196423760704,11.94782003539983
2026-01-05 07:14:00,Machine C,59.937025106399894,2.2091080259946154,4.988167058767405,1478.6311427092382,11.839351981609658
2026-01-05 07:15:00,Machine A,59.05976504985874,2.042052598447344,4.9709139325398874,1495.6143648706293,11.72481728227969
2026-01-05 07:15:00,Machine B,60.46291995585715,2.16472970487922,4.992709477095559,1495.2955224495513,12.027984862407823
2026-01-05 07:15:00,Machine C,59.43586727464457,2.0492149468822833,4.941826310010386,1501.9447147087544,12.145943134756742
2026-01-05 07:16:00,Machine A,59.8680385228402,2.127320694842944,4.999353061594821,1482.5568086408205,11.747522140228567
2026-01-05 07:16:00,Machine B,58.6714875773742,2.1276581263841265,5.0594811002643825,1498.1636894855255,12.110040499205288
2026-01-05 07:16:00,Machine C,59.02745188901511,1.9124525353264903,5.047138290061263,1488.1800608673068,11.908894430999315
2026-01-05 07:17:00,Machine A,59.89569737994323,2.0416338244691485,5.018898549899735,1505.4304610277552,12.06416992926492
2026-01-05 07:17:00,Machine B,59.35944373857307,2.095605210703767,5.05663449102598,1515.1744777120564,11.715647270131086
2026-01-05 07:17:00,Machine C,60.30484746311944,2.115621042518382,4.989115765328267,1495.394388891507,12.057643812618064
2026-01-05 07:18:00,Machine A,60.04715922366902,2.04575427772052,5.026606468694072,1534.970935780985,11.644602672134784
2026-01-05 07:18:00,Machine B,60.34644154651155,2.103724597866229,5.038092738702123,1514.1060789181054,12.038484223553636
2026-01-05 07:18:00,Machine C,60.95427137874962,2.1300049721513874,5.053892167787259,1485.3614910619017,11.833846023678932
2026-01-05 07:19:00,Machine A,60.16984115280599,2.1867612128743974,4.911738984234858,1511.6858288606077,12.001656381991586
2026-01-05 07:19:00,Machine B,60.301829201026116,1.906871371917517,5.0324197005619355,1482.094729974324,12.010691582523496
2026-01-05 07:19:00,Machine C,59.892806898591665,2.044468915108347,4.97466986520144,1515.274593225056,12.107259393836179
2026-01-05 07:20:00,Machine A,59.05969374564873,2.1310779360681233,4.912009214615226,1509.0215575900254,12.025724318498254
2026-01-05 07:20:00,Machine B,59.93840274537562,2.243863016073845,5.059569482014571,1491.6454553810413,12.04479348567469
2026-01-05 07:20:00,Machine C,59.580791738409104,2.0928543677839415,4.920097381236165,1501.621481422417,12.090004134684367
2026-01-05 07:21:00,Machine A,60.59311911771088,2.1291620030394243,4.9636992451149515,1496.6327946379433,11.699866119443632
2026-01-05 07:21:00,Machine B,60.73705248736809,2.048839728729002,5.032010682966438,1493.5402055656612,12.049589512170375
2026-01-05 07:21:00,Machine C,59.679113197068865,1.9741977399998047,4.930902548431819,1493.617470072687,11.75018800586439
2026-01-05 07:22:00,Machine A,61.42476393001586,1.9609828323890295,5.01018165893549,1486.464563717932,11.901319731923465
2026-01-05 07:22:00,Machine B,60.14209567007282,2.2522325969819335,4.97732808508157,1503.1176942816662,12.20498433862508
2026-01-05 07:22:00,Machine C,58.634558157766946,2.151279257551598,4.994341579513555,1487.847793783342,12.025319342055539
2026-01-05 07:23:00,Machine A,60.36377469366523,1.9929294070940926,5.052365764303688,1483.227766042579,11.867459718328947
2026-01-05 07:23:00,Machine B,60.05856239549726,2.0247575827599027,4.973536384665005,1500.8793037750283,12.00750464646792
2026-01-05 07:23:00,Machine C,59.871374934176934,1.9846417011487991,4.974174462891958,1510.9754886478422,11.726333140489777
2026-01-05 07:24:00,Machine A,60.06681025763886,2.0689093455146548,5.073869683248733,1506.078997850283,11.737639366844558
2026-01-05 07:24:00,Machine B,59.65380217717348,2.1251055216085697,4.975412629013493,1510.7142697958755,11.84509798769732
2026-01-05 07:24:00,Machine C,59.660616750986975,2.187935324443825,5.031439814680515,1520.5193274481448,12.453528840779851
2026-01-05 07:25:00,Machine A,59.29427981001394,2.037791525780139,4.968495874487217,1487.3141415103407,11.789622545420317
2026-01-05 07:25:00,Machine B,60.50527617548258,2.026579717006599,5.14047844850482,1494.5833865884272,12.01440352838341
2026-01-05 07:25:00,Machine C,60.67170040848175,2.123753269658889,4.932659872561022,1502.5280025326954,11.77571379079655
2026-01-05 07:26:00,Machine A,60.05726342309264,1.9050899469402143,4.950829201067048,1508.2531335791984,12.242576738344631
2026-01-05 07:26:00,Machine B,60.18093138408774,2.1812412173186346,4.917083221720888,1499.905145815521,12.054768479661691
2026-01-05 07:26:00,Machine C,59.804581133955764,2.073815565579598,4.992596379772612,1493.2383428948992,11.911397569351706
2026-01-05 07:27:00,Machine A,59.817343942286,2.06722808573056,5.004617701912723,1476.9490088892578,12.095407025445292
2026-01-05 07:27:00,Machine B,60.57644058455668,1.9437747575961402,4.901308306507052,1503.2856461438823,11.998576628974297
2026-01-05 07:27:00,Machine C,60.39861220454396,2.1746111074392895,5.024199114697576,1496.870058499145,11.57846212247712
2026-01-05 07:28:00,Machine A,60.386735047190385,2.0296286058105997,5.033689719683388,1510.3263564955373,12.311763249559817
2026-01-05 07:28:00,Machine B,60.44836323068607,2.1045928057150527,4.944133619897436,1504.9753954203204,12.115732326763034
2026-01-05 07:28:00,Machine C,59.84477645898856,2.218262314857285,4.954965390814366,1492.9521508468347,12.002197102705505
2026-01-05 07:29:00,Machine A,59.21382195014073,1.9369817193812227,5.001634761262664,1486.5803301935214,11.923089977996417
2026-01-05 07:29:00,Machine B,60.13876921364602,2.0760529673798622,5.033605715754822,1505.7015368081761,11.861613260765077
2026-01-05 07:29:00,Machine C,60.23602612215246,1.9882430353799097,5.032780903058569,1486.9846725307652,12.282502613992202
2026-01-05 07:30:00,Machine A,60.09433970606172,2.0832774195178065,5.033926197570001,1495.5506619664552,12.04711397412798
2026-01-05 07:30:00,Machine B,59.63028435600558,2.0044507615420435,4.946776362693692,1478.0592562627019,12.145965757803106
2026-01-05 07:30:00,Machine C,59.02434930682409,2.1579883737244963,5.071105317496178,1494.518280231136,12.02028948613001
2026-01-05 07:31:00,Machine A,59.36186416233917,2.1159708014329213,4.921939853890556,1506.5142986937312,12.204902535085338
2026-01-05 07:31:00,Machine B,58.70638617447001,2.078686917273986,4.9709203032859195,1481.3877670518234,12.090603751262435
2026-01-05 07:31:00,Machine C,59.66725655661573,2.1857043631143696,5.030146847187761,1498.4396872620182,12.12382100369297
2026-01-05 07:32:00,Machine A,60.088393398291885,2.062413079320102,5.021772916797871,1490.6347985442667,12.101964141555223
2026-01-05 07:32:00,Machine B,60.71418342210607,1.8561893947717798,4.969197548722193,1512.304176411093,11.936542654949513
2026-01-05 07:32:00,Machine C,60.616143447792375,1.946279637556109,5.056449555048101,1499.3387748114926,11.761520933911513
2026-01-05 07:33:00,Machine A,60.519735120515115,2.158594224781027,4.914041943306198,1495.156894577768,11.827362867531145
2026-01-05 07:33:00,Machine B,60.96253746281101,2.097336420838645,4.941903279680996,1491.8727097918886,11.83967623184631
2026-01-05 07:33:00,Machine C,59.26325066958489,1.925570703300945,4.981016176457591,1478.3657256429854,11.849567826386496
2026-01-05 07:34:00,Machine A,61.20057786095409,2.104512925373566,5.012268550449766,1478.6832204438924,11.869207373272616
2026-01-05 07:34:00,Machine B,60.54483770611079,2.0037842731279176,4.985681693206741,1492.9673803202934,12.032864131876384
2026-01-05 07:34:00,Machine C,59.85832194493321,2.041248979408696,5.024254693424855,1502.8606604980491,11.982277210949366
2026-01-05 07:35:00,Machine A,59.85849945371149,2.0754642169739252,5.005234501494407,1520.3590401956503,11.731928758395759
2026-01-05 07:35:00,Machine B,60.130363894937176,2.2260066262086986,5.024433426223365,1502.0475009424774,11.887910106239385
2026-01-05 07:35:00,Machine C,59.528414035241184,2.0768099507620104,5.009919058031322,1490.7933951776324,11.838743635863063
2026-01-05 07:36:00,Machine A,60.327193957180235,2.1185328355389217,5.0482585246364335,1501.0544116449687,12.078402187473152
2026-01-05 07:36:00,Machine B,59.68150690312221,2.277132209263353,4.9774024510073245,1492.0094674665547,12.086801964690022
2026-01-05 07:36:00,Machine C,60.67360695273824,2.0924644339719336,4.944453445239214,1514.2654093722465,12.125135114319232
2026-01-05 07:37:00,Machine A,60.39527842101972,2.0991843107499966,5.079510940281089,1501.9115734059558,11.994383384979194
2026-01-05 07:37:00,Machine B,60.28596178039439,2.101174411191177,4.96050068230662,1501.5591582499928,11.986040242847572
2026-01-05 07:37:00,Machine C,60.339092027285865,1.891848934795865,5.010270526348063,1494.263003306954,12.261649321375982
2026-01-05 07:38:00,Machine A,59.76185169525733,2.1090998522788915,5.036841826546002,1494.4493314041051,12.199310976899682
2026-01-05 07:38:00,Machine B,60.55358383367271,2.1528029993432267,5.09582224383677,1490.8387281922721,11.724170149730282
2026-01-05 07:38:00,Machine C,60.298753760561624,2.1081805327717933,4.943852147544644,1509.2024075199488,11.755059044469892
2026-01-05 07:39:00,Machine A,60.21987068794293,2.1466486508526197,4.975357011555222,1478.2774401469583,11.879456127393956
2026-01-05 07:39:00,Machine B,61.03341596519739,2.121829001442062,5.018984379030699,1496.291731617645,11.965425783511312
2026-01-05 07:39:00,Machine C,60.31841636281484,2.084319656172399,4.982892355463398,1483.1170300127776,11.604450187526574
2026-01-05 07:40:00,Machine A,59.22832197797472,2.0972420107972294,5.002687628149525,1474.1279039272874,11.8169750681041
2026-01-05 07:40:00,Machine B,59.307795050160145,2.112675844039979,5.0511203612680236,1509.3248755078907,11.980942842597212
2026-01-05 07:40:00,Machine C,60.280691869745795,2.1156083178514313,5.03147020030511,1501.582485757454,12.163752790069488
2026-01-05 07:41:00,Machine A,60.522493662219986,2.035637869582015,4.909592797656463,1518.5219142721746,12.051331746142452
2026-01-05 07:41:00,Machine B,60.463124575421894,2.077625853509369,4.974396929034044,1516.8105823237556,11.790542570723238
2026-01-05 07:41:00,Machine C,60.23427295923233,2.1397074427472584,5.045561902228448,1502.3829434481781,12.097876787787682
2026-01-05 07:42:00,Machine A,60.06452050803218,2.117207850865523,5.038626990379138,1506.661748183338,12.008843400580037
2026-01-05 07:42:00,Machine B,59.983189329062554,2.115454526385056,5.1103262653570205,1493.7147266575053,12.084457803825073
2026-01-05 07:42:00,Machine C,61.4027070715033,2.069756856661482,5.016204461116002,1490.4143310612842,11.929695052971342
2026-01-05 07:43:00,Machine A,60.191456900414146,2.200729187946779,4.995251734470367,1496.013977641932,12.540797021455877
2026-01-05 07:43:00,Machine B,59.58344174265116,2.024585606837493,5.04682846779284,1495.627472485281,12.025472495131297
2026-01-05 07:43:00,Machine C,59.491953544269585,2.0139542171085587,5.011214865359079,1507.2115114163987,12.066506462619529
2026-01-05 07:44:00,Machine A,59.55368344374262,2.0582769084170893,4.9528023237639,1515.6139001838244,12.12668430820547
2026-01-05 07:44:00,Machine B,61.68758954894324,1.9632619116871877,4.963081170956144,1492.6058989899057,11.829836075523462
2026-01-05 07:44:00,Machine C,59.270037770826356,2.126803389402993,5.002584916071431,1505.772343977164,12.10154569032765
2026-01-05 07:45:00,Machine A,61.2726860415802,2.118754489318568,4.90687576236876,1487.9714910508053,11.651899402194436
2026-01-05 07:45:00,Machine B,59.718944581260324,2.260874088992041,5.027449143703845,1508.713180337356,11.81378530241158
2026-01-05 07:45:00,Machine C,60.103804283791334,1.9514950746308435,4.990984648857523,1500.168864994482,11.956970166845775
2026-01-05 07:46:00,Machine A,59.893884483856326,2.107264001888804,5.030239579127528,1512.9702744594103,11.94113045529455
2026-01-05 07:46:00,Machine B,60.36650694984651,2.0652639653392892,5.039519673848309,1511.7550240938717,12.258337293131735
2026-01-05 07:46:00,Machine C,60.00833892559951,2.100902215729493,4.995096321573374,1492.2088449646783,11.702887599353785
2026-01-05 07:47:00,Machine A,60.051596088448576,2.036476516664092,4.945017082707783,1502.8115803245228,12.0301843053613
2026-01-05 07:47:00,Machine B,60.16637371872651,2.1388065413651303,4.9461219335566335,1484.5571107135636,12.316565889354667
2026-01-05 07:47:00,Machine C,59.97654064727007,2.092784606929809,4.954874674677836,1496.3403213754427,12.245875143530021
2026-01-05 07:48:00,Machine A,60.56555617253988,2.1393837529550432,4.968974068967567,1481.013995806477,11.851075328712287
2026-01-05 07:48:00,Machine B,59.378050815078204,2.093238409479082,5.033757232994745,1471.424791918537,12.20675723358778
2026-01-05 07:48:00,Machine C,60.14800988976645,2.1867669113171075,5.027546219044677,1471.4725140992402,11.8430441505688
2026-01-05 07:49:00,Machine A,60.28656643785406,2.1631493244535767,5.030422586821484,1497.4287006893464,11.630732597775904
2026-01-05 07:49:00,Machine B,59.345731648469716,2.1505019784097263,5.045419664863365,1501.5224037155501,11.387244026737521
2026-01-05 07:49:00,Machine C,59.67207732418297,1.9412685421496805,5.061762369415514,1500.1602670985242,12.220988097791546
2026-01-05 07:50:00,Machine A,60.21780554862871,2.1557990649536802,5.113871522427805,1511.6520760315102,11.683932136430894
2026-01-05 07:50:00,Machine B,60.72162048392169,2.0658716013552723,5.058247222259406,1511.1329087946144,12.514503487393945
2026-01-05 07:50:00,Machine C,59.81632857092403,2.060782227996898,4.95549896251182,1466.847893931915,11.913060105255374
2026-01-05 07:51:00,Machine A,61.16122871011746,2.101070065017269,5.064551452759207,1503.1370449527597,12.165281461978651
2026-01-05 07:51:00,Machine B,60.03356361007944,2.139689656647103,5.018316646682502,1496.5405745024723,12.080996463784935
2026-01-05 07:51:00,Machine C,60.25167893571195,2.2006223160695555,5.057012664047214,1500.1405970126323,11.523322259408527
2026-01-05 07:52:00,Machine A,60.88196233856474,2.113557909695461,5.049983700993599,1489.1746663418273,11.689498505339989
2026-01-05 07:52:00,Machine B,59.705075504305704,2.106772902458621,5.138371794601613,1510.0143065684288,12.209899721172663
2026-01-05 07:52:00,Machine C,59.88595699625955,1.9356190953859767,4.990570693349699,1509.740828519958,11.806039920976986
2026-01-05 07:53:00,Machine A,60.90121755110588,2.159956561232525,5.032577031032198,1507.4592157574516,11.992550149489574
2026-01-05 07:53:00,Machine B,58.68813481274966,2.112006490427602,5.016199512813607,1514.5111748211045,12.314267163216474
2026-01-05 07:53:00,Machine C,59.78864097903014,2.1384267436705104,5.126595233887109,1517.761190444567,12.223879432399675
2026-01-05 07:54:00,Machine A,60.47334473002994,2.0119470988612513,4.988078182450985,1498.622664611977,12.318582417824562
2026-01-05 07:54:00,Machine B,60.30266678859748,2.044078251751686,5.002131551221887,1498.9595435898946,11.945259200836446
2026-01-05 07:54:00,Machine C,59.68979146502738,2.1547230330493905,4.9692957612327815,1480.6943194887604,12.133711068651348
2026-01-05 07:55:00,Machine A,58.82349264091828,2.1564775797359053,4.917005605929016,1503.705591322178,11.822507235051567
2026-01-05 07:55:00,Machine B,59.890021466143644,2.0484633399690844,5.029435163910757,1494.647167458494,12.196038174334364
2026-01-05 07:55:00,Machine C,59.48043606970063,1.968200296076205,5.014536658893341,1495.7449494329837,11.525560894387297
2026-01-05 07:56:00,Machine A,60.9454065553024,1.9637777110485353,4.927932460013297,1513.3196357172683,12.271352631492793
2026-01-05 07:56:00,Machine B,60.36974123793199,1.9138320162443754,4.9069403157747224,1496.6311991897915,12.309978113225824
2026-01-05 07:56:00,Machine C,60.68027356353841,2.268550778662252,4.971157576342584,1499.7979593151988,12.364411044268568
2026-01-05 07:57:00,Machine A,59.38901068058325,2.1081977893682526,4.987869047629986,1488.5038607915853,11.803379614468344
2026-01-05 07:57:00,Machine B,59.9221582780869,2.1056090526986573,5.028558703314553,1488.3405747238444,12.147938501682585
2026-01-05 07:57:00,Machine C,59.77433748566425,2.06335345586655,5.038448293578687,1509.8292500269456,11.892982569324658
2026-01-05 07:58:00,Machine A,59.503449455559206,2.067157280958799,5.004479638368422,1511.951264217867,11.879080276764093
2026-01-05 07:58:00,Machine B,59.24435215997632,1.9949465825440051,4.992269462069005,1485.7334381568287,11.859449008035758
2026-01-05 07:58:00,Machine C,60.793502598913875,2.1529558071544415,5.0008064707638,1494.4676846330299,11.913353468675396
2026-01-05 07:59:00,Machine A,59.45542949633964,2.1029184604491387,4.898419021566848,1502.540565410047,12.152429848391737
2026-01-05 07:59:00,Machine B,59.47125693153837,2.117395233224261,4.998208762666702,1498.7964279906791,11.97713556639905
2026-01-05 07:59:00,Machine C,60.826641741764846,2.0998199804396673,5.040765803608582,1491.5787966447986,12.153191090545247
2026-01-05 08:00:00,Machine A,61.326384526435945,2.0902332889622888,4.89037282545963,1493.4231248010622,12.24637502685786
2026-01-05 08:00:00,Machine B,60.6052010135729,2.138756275139874,5.060886259372557,1511.0330841197638,12.304340090547392
2026-01-05 08:00:00,Machine C,59.81572375614853,2.0518831350752795,5.085338382020948,1502.5944561158722,12.160976113172476
2026-01-05 08:01:00,Machine A,60.00658973554944,2.2148795214214174,5.027762003713971,1479.4623220832345,11.95695110868477
2026-01-05 08:01:00,Machine B,58.91971278495949,2.2514439108338036,5.034119625490639,1499.1598456942463,11.925716452783586
2026-01-05 08:01:00,Machine C,60.688953854709595,2.1433756228579406,5.0122340962743674,1501.746177664027,11.965006392657164
2026-01-05 08:02:00,Machine A,59.4807943007389,1.9702459898535833,5.030722006144623,1507.5748599368058,12.096048230502353
2026-01-05 08:02:00,Machine B,60.472489622631315,2.096355349859637,4.9756443219592414,1496.2573042529352,12.404127939755167
2026-01-05 08:02:00,Machine C,58.99253374342577,2.0913413329341624,4.978318625742291,1474.9796604398414,12.077807518086752
2026-01-05 08:03:00,Machine A,60.50374085446455,2.214800494239115,5.074506217114829,1504.3074772878176,12.009211627715423
2026-01-05 08:03:00,Machine B,60.68014122172538,2.024676991821616,5.010067242660746,1505.2741937314972,11.638076606216554
2026-01-05 08:03:00,Machine C,60.38396169948047,2.2178730465153405,5.009145736506436,1499.1213801121942,12.076254278016195
2026-01-05 08:04:00,Machine A,60.759782734301616,2.2097873874293215,4.950444684220632,1511.6159856546465,11.982608004878795
2026-01-05 08:04:00,Machine B,60.59661028087459,2.1066174561490554,5.070508099765097,1503.712954077119,12.124836854493907
2026-01-05 08:04:00,Machine C,60.28189495392298,2.157039794027608,4.919590709439423,1490.1275757230508,12.247576737583746
2026-01-05 08:05:00,Machine A,60.62297395739029,2.0564973756517824,5.0705658492938355,1498.9459718567557,12.040941337204107
2026-01-05 08:05:00,Machine B,59.40429191529964,2.0842801263681516,5.041358639981061,1484.0294729686382,11.66639308002218
2026-01-05 08:05:00,Machine C,59.76466439224783,1.951455167844787,4.966051034282401,1499.9091924404263,12.186075571524578
2026-01-05 08:06:00,Machine A,59.58926638549212,2.0453526558731863,5.07686787759489,1502.537521828367,11.889595054197684
2026-01-05 08:06:00,Machine B,60.87972169177541,2.03465654565838,4.997878309496045,1501.081881932011,11.80275197789668
2026-01-05 08:06:00,Machine C,60.68412568736204,2.196594002264896,4.98353953008205,1497.4325622736703,12.132858460411127
2026-01-05 08:07:00,Machine A,59.94725610757847,2.0224481137809103,4.9521581643560175,1517.3647043523733,11.96871570417134
2026-01-05 08:07:00,Machine B,60.1747231206789,2.2914141378414596,4.947130662766836,1477.2262260012026,12.257318026257447
2026-01-05 08:07:00,Machine C,59.64844907372905,2.1214530224764254,4.952473189640713,1497.8407189454003,12.089963065311307
2026-01-05 08:08:00,Machine A,59.79157029984088,1.985694765261898,4.9788719508600625,1501.4255584788348,11.920090211682314
2026-01-05 08:08:00,Machine B,59.60655392254061,2.1552850052693504,5.0717989062400886,1494.4274352936545,12.097039646295542
2026-01-05 08:08:00,Machine C,60.93946771872195,2.140692763441448,4.911329273059516,1505.4479475773635,12.246572748661801
2026-01-05 08:09:00,Machine A,59.58593067530883,1.9811568672382183,5.007058450941632,1478.9222793510442,11.952045797421281
2026-01-05 08:09:00,Machine B,59.23230192245166,2.0174374203870737,4.996834007014452,1495.6113985722454,12.279827276339217
2026-01-05 08:09:00,Machine C,60.08737818860633,2.1314583821587862,4.956900882234331,1510.2865242426794,11.77759114912816
2026-01-05 08:10:00,Machine A,60.12651876125285,2.085902955283042,5.020015495415484,1465.661779558792,12.060451643697093
2026-01-05 08:10:00,Machine B,60.423919507738695,2.094018486274822,4.942989657167442,1498.3031679500955,12.013511096816165
2026-01-05 08:10:00,Machine C,60.62362142695113,2.013117235757268,5.008785022808243,1515.479156383419,11.653077700612561
2026-01-05 08:11:00,Machine A,59.777573769316135,2.0276153997428463,4.991522464214977,1522.095067373123,11.747113927764557
2026-01-05 08:11:00,Machine B,61.03645097197686,2.063012823558297,4.998718046982616,1495.1666047067251,11.811115424319382
2026-01-05 08:11:00,Machine C,60.83524255258455,2.0317649745766184,5.032378705153084,1490.0217267280034,11.644726472230756
2026-01-05 08:12:00,Machine A,60.62763135062874,2.062410780062434,4.991661213299901,1508.9971866438975,12.078299207469621
2026-01-05 08:12:00,Machine B,60.068325116485205,2.186320771138889,4.940120585548292,1507.6651125801118,12.066308339026738
2026-01-05 08:12:00,Machine C,59.583320854844786,1.9706432479868043,4.973324023715856,1510.669527810324,11.891599219294806
2026-01-05 08:13:00,Machine A,61.05158853273056,2.1660570913140247,5.038494799063738,1511.6127046413537,12.11534167230868
2026-01-05 08:13:00,Machine B,59.74346138124473,2.3107792603532,5.027795601564972,1494.4343947037828,12.093099354833257
2026-01-05 08:13:00,Machine C,59.603358542515714,2.1400868346097974,5.053298881487157,1504.61722253046,12.018893998363927
2026-01-05 08:14:00,Machine A,59.6539809066435,2.064041325618424,5.073979518682547,1498.6975604077782,11.842840746123445
2026-01-05 08:14:00,Machine B,60.40536397989869,2.1448263342585805,4.98712394005451,1506.8803496420753,11.87128777500987
2026-01-05 08:14:00,Machine C,60.52456660735144,2.021447212323936,4.9572236773545715,1501.304425833761,12.345226474933902
2026-01-05 08:15:00,Machine A,59.17437400105611,2.0492535205179565,4.981778579096788,1494.9538998787573,11.893240812068159
2026-01-05 08:15:00,Machine B,59.12252556908751,2.162389569001822,5.037643608357444,1510.118091720272,11.691853100747183
2026-01-05 08:15:00,Machine C,59.38127875893625,2.1007338598545706,4.994186667734482,1522.1058079028192,12.384899207402515
2026-01-05 08:16:00,Machine A,59.450864567308,2.1784538635461943,5.048524899043186,1488.0517172778982,12.09865355876782
2026-01-05 08:16:00,Machine B,60.138403381428375,2.1957071588296198,5.003769977157303,1497.9855111668842,12.219212846611436
2026-01-05 08:16:00,Machine C,59.601247996644844,2.016378977488122,4.9716138928373645,1492.550143371833,12.157239853730584
2026-01-05 08:17:00,Machine A,60.85855141129461,2.2094775515012106,5.012169945820027,1490.1372987414836,12.315075329887108
2026-01-05 08:17:00,Machine B,59.79623698463606,2.0288167738962244,4.926568028484235,1507.5944198826874,11.843319789220676
2026-01-05 08:17:00,Machine C,59.24557051501118,2.1408110972490753,5.0764656739483645,1500.7750758833186,12.114448484037455
2026-01-05 08:18:00,Machine A,59.35583056251746,1.9483963320041695,5.005849011701194,1473.086068540675,11.73556080678251
2026-01-05 08:18:00,Machine B,60.23784510132424,2.1244464153521987,5.044689937296773,1509.0286047925522,12.228162557872276
2026-01-05 08:18:00,Machine C,60.30690822115152,2.111332535791282,4.980140284504146,1496.0106895879228,11.836488320334007
2026-01-05 08:19:00,Machine A,59.60209574961794,2.0470204144540327,4.93948006361086,1511.7460960948465,12.015723533906357
2026-01-05 08:19:00,Machine B,59.663730714123375,1.9874799498390214,5.051061114460957,1493.5548361252067,11.918220181958242
2026-01-05 08:19:00,Machine C,60.01202237451979,2.0040706299083815,5.027193850205609,1494.1801233088593,12.377584794305893
2026-01-05 08:20:00,Machine A,60.214418983293406,2.2555678233808183,5.07879601442727,1521.9714514650789,11.796047962923707
2026-01-05 08:20:00,Machine B,60.13457363965016,1.9981638057008215,4.967777211755864,1491.8850396316366,12.179711056028523
2026-01-05 08:20:00,Machine C,59.18974714916677,2.0750688452840227,4.962694175852864,1510.4361090803338,12.235636970563437
2026-01-05 08:21:00,Machine A,58.35628012662631,1.9586430481495958,5.07108134890411,1495.184940728162,11.849855076346978
2026-01-05 08:21:00,Machine B,60.01466923315187,2.076527752714882,4.9933949393593435,1502.7259535806495,12.320009456263922
2026-01-05 08:21:00,Machine C,60.701562065442104,2.0064259199180468,5.0377430946237025,1496.4651749440607,11.496780960845447
2026-01-05 08:22:00,Machine A,60.31873393715555,2.1091039652272237,5.009218335358783,1523.4113217922404,11.746182077028038
2026-01-05 08:22:00,Machine B,59.558236130077,2.1022661396066353,4.920002533295783,1516.9188746073003,11.863677089493914
2026-01-05 08:22:00,Machine C,60.61683213923951,2.0957357704807076,4.998462808386973,1492.991648001336,12.023824785873256
2026-01-05 08:23:00,Machine A,59.924973350484066,2.051192090715431,5.114983203480742,1498.9232307610605,12.309046430339311
2026-01-05 08:23:00,Machine B,59.20718155701284,2.064234192650571,5.0105267335394625,1519.0320459715183,12.044396555535254
2026-01-05 08:23:00,Machine C,60.97644080367881,2.0952766226155957,5.119511135532591,1494.1752455650305,11.846707633160467
2026-01-05 08:24:00,Machine A,60.49166854357074,2.073270341329575,5.062451134843675,1508.2523062214134,12.393225494275118
2026-01-05 08:24:00,Machine B,59.722487169634306,1.942105385887312,5.053016360238985,1496.7552413303597,12.147926240997313
2026-01-05 08:24:00,Machine C,59.747308210405706,2.10949313357792,5.04936236764917,1493.1994436962782,11.873807680573574
2026-01-05 08:25:00,Machine A,58.773163042197105,2.0019686560424717,5.07506179319136,1504.8231393969459,11.84756081379255
2026-01-05 08:25:00,Machine B,60.4414400161681,1.991338928411297,4.957952543066477,1503.2754690583606,11.98003308390091
2026-01-05 08:25:00,Machine C,60.21427720576279,2.187326689550198,5.024340927357464,1501.6693408771391,11.980823279486806
2026-01-05 08:26:00,Machine A,60.755823511728245,2.09047771947199,4.955509800532579,1494.0930349348155,12.040170059455185
2026-01-05 08:26:00,Machine B,60.31370625644942,2.1711186544323717,5.071177973613252,1511.9503046924683,11.813152187170408
2026-01-05 08:26:00,Machine C,59.72929478565635,2.0089338618431247,4.9779154102913505,1494.3058447965716,11.865630452047759
2026-01-05 08:27:00,Machine A,60.119542824749544,2.2977447260844377,5.008525409300982,1496.519210712753,12.000826576530974
2026-01-05 08:27:00,Machine B,61.24602679551541,2.0323743628017947,5.042952302908887,1502.4930071713695,11.685780451485876
2026-01-05 08:27:00,Machine C,59.48569415773354,2.0992852905686425,4.913732286899615,1484.894322483788,12.20960591552345
2026-01-05 08:28:00,Machine A,60.13767621867506,2.058207005485518,4.9764589171112235,1508.871912308099,11.76765332821313
2026-01-05 08:28:00,Machine B,60.581645874448924,2.199052824119188,4.966746913981919,1511.2485236030357,11.843171541305917
2026-01-05 08:28:00,Machine C,60.79708728647504,2.047481111454502,5.10066232273973,1507.0958487462299,11.796796694118356
2026-01-05 08:29:00,Machine A,60.63158665056934,2.094342752662043,5.002232914048173,1509.1002363917287,12.026359685402165
2026-01-05 08:29:00,Machine B,60.141071965891,2.1972385933198155,5.080799121208102,1509.3543530492575,12.057458152207273
2026-01-05 08:29:00,Machine C,59.90806142384507,2.034069542292842,4.937562869464615,1504.0025881396346,12.037102661316949
2026-01-05 08:30:00,Machine A,60.145586562794314,2.1445293332542046,4.997865845188626,1504.9546967426688,11.854771119462727
2026-01-05 08:30:00,Machine B,59.598191143156676,2.104146567919428,4.968819874518532,1493.6819196418066,11.775014128979569
2026-01-05 08:30:00,Machine C,60.3224603125364,2.257775676155505,4.99053771517158,1536.3811489813277,11.954494116927355
2026-01-05 08:31:00,Machine A,60.223395336036184,2.1668491942309,4.994304180347346,1521.3206381654115,12.047829856926692
2026-01-05 08:31:00,Machine B,60.25109944473023,2.089277822335251,4.969588013533135,1490.6823071022197,12.534352675951338
2026-01-05 08:31:00,Machine C,59.581067124160455,2.095874572841903,5.0273333516308245,1506.6575582607038,12.135322910355304
2026-01-05 08:32:00,Machine A,59.474364321533656,2.050428561358879,4.954114551274987,1485.7393337448207,12.212841897771602
2026-01-05 08:32:00,Machine B,60.02358783961458,2.1621446159092117,4.911935529767873,1510.3570502165442,12.035423966001005
2026-01-05 08:32:00,Machine C,59.40776690727787,1.9801568179687163,4.964397291690852,1506.779007375275,12.138018283035079
2026-01-05 08:33:00,Machine A,59.566058588435496,2.071415595178655,4.931897458457367,1482.9353788063183,11.835632940718488
2026-01-05 08:33:00,Machine B,59.93051789401694,2.1846842252913454,4.934911013129325,1497.5226508990736,12.204951346750155
2026-01-05 08:33:00,Machine C,60.69809748858388,2.0755038336822764,5.055224751260279,1505.1475846935264,11.931431069418032
2026-01-05 08:34:00,Machine A,60.612529692601484,2.0561323569707985,5.002060303339081,1499.2618118447444,12.140829628327957
2026-01-05 08:34:00,Machine B,60.27979726330225,1.9946459941093644,5.060413141274025,1526.8091169695729,12.20036679390988
2026-01-05 08:34:00,Machine C,59.003097048156896,1.9524703639065981,5.012754102193388,1492.8962543072403,11.81708474433453
2026-01-05 08:35:00,Machine A,59.12834547194271,2.0640897903775692,5.075493534156016,1487.0965394373436,12.17395223743299
2026-01-05 08:35:00,Machine B,60.65839650432172,2.1593025413588016,5.045457980110694,1486.1808775991046,12.22273194134826
2026-01-05 08:35:00,Machine C,60.154947712198336,2.1388098047095667,5.016847833803009,1489.8742802577033,11.730026517540857
2026-01-05 08:36:00,Machine A,60.68962610457469,2.0964213652649706,4.929741781966152,1511.5935561720494,11.925925878067778
2026-01-05 08:36:00,Machine B,60.986581026140215,2.0298748140653444,4.983128512294691,1501.2893844323678,11.781563534582608
2026-01-05 08:36:00,Machine C,59.705722703583774,2.131611425522538,4.862528230698072,1499.532849594182,11.937391542814758
2026-01-05 08:37:00,Machine A,59.8042537910257,2.0858018010325132,4.981140356260546,1476.998209538819,11.773602711984609
2026-01-05 08:37:00,Machine B,59.540210790230574,2.068022395496819,5.0871810933645785,1509.2232451859563,11.88856589458938
2026-01-05 08:37:00,Machine C,60.6054598822404,1.9912898203261589,5.0536628915894575,1495.1263962543483,11.794299151811746
2026-01-05 08:38:00,Machine A,59.70315094168457,2.144316280479626,4.970850305816796,1507.4444687271764,12.08844441240732
2026-01-05 08:38:00,Machine B,60.09092447745916,2.1440202994426962,5.1030899576365805,1511.2730450615782,12.195197989963168
2026-01-05 08:38:00,Machine C,60.290786106787024,2.1563212059457326,4.949551701120587,1494.673180362975,11.898766146661533
2026-01-05 08:39:00,Machine A,60.08293405528458,2.1869963696118773,5.043157536935207,1498.059347963505,11.866000980624355
2026-01-05 08:39:00,Machine B,59.03624590902277,2.074947684887338,5.008275773100838,1509.3459566054523,12.182020298987954
2026-01-05 08:39:00,Machine C,60.03848208142689,2.0460918649455553,4.986936780447937,1500.2278942396813,11.993064149996282
2026-01-05 08:40:00,Machine A,60.03372339185349,2.077490400647544,4.987658810224421,1505.8558964496551,11.784208562590273
2026-01-05 08:40:00,Machine B,60.458468643301075,2.235004243158931,5.039106411954737,1482.3808348815737,11.953526552124647
2026-01-05 08:40:00,Machine C,60.323582731765725,2.026636084283139,5.003247154377537,1505.0438739573135,12.165134190660732
2026-01-05 08:41:00,Machine A,58.377709391955996,2.050283042593778,4.973779255351448,1487.7649859019907,12.03312243004653
2026-01-05 08:41:00,Machine B,60.129304781581055,2.025734069536878,5.024284447959526,1484.617785027256,12.006001307706189
2026-01-05 08:41:00,Machine C,60.07481836659081,2.0795868659982837,4.923186384297788,1482.2735044384676,11.883222612181557
2026-01-05 08:42:00,Machine A,60.37512715834768,2.0776623264630656,4.951749363761024,1496.6628444841451,12.045171967263311
2026-01-05 08:42:00,Machine B,59.59865439599795,2.0941217070727682,5.021306197340971,1499.71892448959,11.89987637080227
2026-01-05 08:42:00,Machine C,59.35577855236932,1.9618714655100977,4.960216057916471,1487.4348993508027,12.11675730905859
2026-01-05 08:43:00,Machine A,59.84386282166213,1.9513405870309972,4.975283002490865,1504.7877828084281,12.16498757792282
2026-01-05 08:43:00,Machine B,59.09058484709192,2.000189776068497,5.0354830932818935,1520.053454742759,12.098686397636738
2026-01-05 08:43:00,Machine C,59.97579456807959,1.9243853002782234,4.898877647197826,1501.5529144427505,11.928387466085765
2026-01-05 08:44:00,Machine A,60.069078820504686,2.175553269483222,5.006830114150635,1514.7407324200126,12.001598805909763
2026-01-05 08:44:00,Machine B,59.41293547197514,2.325155796261293,5.0187628739083365,1504.569951034052,12.105019194794519
2026-01-05 08:44:00,Machine C,59.03696641259764,2.2122776307814003,4.982955171027749,1501.285860874072,11.744149205564947
2026-01-05 08:45:00,Machine A,60.06010178279608,2.0772720795711375,5.096250640086793,1523.787123601747,12.009302634042948
2026-01-05 08:45:00,Machine B,60.663603774901674,2.07368641037333,4.978933136267715,1511.7431143639797,11.892340180936671
2026-01-05 08:45:00,Machine C,60.4225142070739,2.2552693551345495,5.0360612686399895,1517.5415900105677,11.830779572764534
2026-01-05 08:46:00,Machine A,59.86334067265119,2.1617769181882003,5.005091030655165,1483.0483077287854,11.736994178892449
2026-01-05 08:46:00,Machine B,61.238336721394,2.2089966595200172,4.905200740042697,1517.0529112568374,12.18728008340293
2026-01-05 08:46:00,Machine C,60.65731344689748,2.1440346808747828,4.9345452473806,1507.3289058695543,11.572499880783882
2026-01-05 08:47:00,Machine A,60.01103652934279,2.0600849960030443,5.044467312688617,1511.697021781039,12.26200793857339
2026-01-05 08:47:00,Machine B,60.43974513446252,2.1212422919293177,5.004475449988191,1497.1528833708312,11.757526341388054
2026-01-05 08:47:00,Machine C,60.144871295761455,2.2152650078403413,4.997910138606224,1512.041715490532,12.215863131286424
2026-01-05 08:48:00,Machine A,59.853883174965084,2.205770871526278,5.031792166913297,1485.7141949437398,12.032304930430769
2026-01-05 08:48:00,Machine B,60.26862901805704,2.1436703070191316,4.94816885504177,1506.1284953905622,11.721232969593075
2026-01-05 08:48:00,Machine C,60.21405377418502,2.075641775380278,5.022323051062259,1499.2788930269385,12.002515700470367
2026-01-05 08:49:00,Machine A,60.02420184333281,2.075018544431468,4.920719831269987,1488.9545309250084,12.313641289412766
2026-01-05 08:49:00,Machine B,59.07578737449095,2.0910268879911533,5.078059326658824,1497.7589023823477,12.261399910680803
2026-01-05 08:49:00,Machine C,59.19856769441726,2.1750018337399806,4.98325339813632,1510.357109443331,11.837166003602777
2026-01-05 08:50:00,Machine A,59.90758001005448,2.132363615446893,4.986680146240374,1492.2112829635046,12.321096676558794
2026-01-05 08:50:00,Machine B,60.34106658335677,2.040585691623908,4.940765767816884,1512.4057132967878,11.65918007487052
2026-01-05 08:50:00,Machine C,59.87307203815168,2.132780097569863,5.029059940599713,1490.083881878053,12.143545121750012
2026-01-05 08:51:00,Machine A,59.89807530985215,2.2105023212447144,5.083829739912285,1508.608181491304,11.761931302366326
2026-01-05 08:51:00,Machine B,60.43542478999123,2.1627963430950334,5.0181631539623766,1499.1310519340334,11.878326500819197
2026-01-05 08:51:00,Machine C,60.11163170619131,2.1446060674259853,4.933122815335356,1507.7402002717806,12.410909018924155
2026-01-05 08:52:00,Machine A,60.18540141365142,2.2625869619768273,4.948817611915006,1502.4384832007268,11.840068515540471
2026-01-05 08:52:00,Machine B,60.80839394496814,2.244079248055099,5.022407107231335,1495.4808633237183,12.498547773327704
2026-01-05 08:52:00,Machine C,58.93503417325277,2.2116873255395797,5.048412279618565,1529.0136664333972,11.722095329556375
2026-01-05 08:53:00,Machine A,60.48366013008008,1.9681778287116425,5.0734040911332645,1509.438201015982,11.992217993042756
2026-01-05 08:53:00,Machine B,59.65233594865098,2.0629244309099684,4.907363606915486,1510.3411019304403,12.238318722836514
2026-01-05 08:53:00,Machine C,59.84067571522246,2.1262619169664827,4.968621137939449,1489.3988981269483,12.21041497720475
2026-01-05 08:54:00,Machine A,60.02778597887649,2.0259137567719607,5.061347043821797,1507.5696019697523,12.145374572739284
2026-01-05 08:54:00,Machine B,59.92364801460883,2.086284013480977,4.935462673154219,1496.836918198101,12.267275891575364
2026-01-05 08:54:00,Machine C,59.06649635300104,2.2331820846998616,4.995484049487244,1492.2310775315807,11.9452016470206
2026-01-05 08:55:00,Machine A,59.76416823744838,2.2093921222190738,5.002582585722366,1517.1543836948213,12.051338899808616
2026-01-05 08:55:00,Machine B,60.37397463975118,2.127834758174617,4.9883574641942205,1522.9852162988743,11.81861260298082
2026-01-05 08:55:00,Machine C,60.24146445200611,2.06564218832844,5.0157373152794795,1497.9738889775645,11.68360949651242
2026-01-05 08:56:00,Machine A,58.95936854253066,2.110949865655151,5.024394167100978,1506.320376505255,12.113434141403939
2026-01-05 08:56:00,Machine B,61.1841128620882,2.0162232991938374,5.030542051556835,1491.7567485400098,12.015934547853513
2026-01-05 08:56:00,Machine C,60.08206447039002,2.0641368181084614,4.947491394015964,1503.21329036991,11.757456240191482
2026-01-05 08:57:00,Machine A,60.81010203075721,2.157467830951533,4.995719635112943,1476.7349684759577,11.735542720819963
2026-01-05 08:57:00,Machine B,59.58044874110157,2.0867479619452785,4.946897687057672,1485.2787751853803,11.989905185443716
2026-01-05 08:57:00,Machine C,59.53128538431179,2.1417888171067574,4.988393715475232,1497.8571363852739,12.119389179461777
2026-01-05 08:58:00,Machine A,60.2822702133421,2.1534558274846107,4.99264632502457,1500.9672933074462,11.843641954053334
2026-01-05 08:58:00,Machine B,60.266965237526776,2.136423875073326,5.0140427174362765,1500.5544393097794,12.139282378164554
2026-01-05 08:58:00,Machine C,59.939533250432405,2.210959418392707,5.011423034086616,1507.5885143107896,12.056417578166975
2026-01-05 08:59:00,Machine A,60.4208105030069,2.327623551592611,4.981260246260496,1500.8519365850993,11.910758947130548
2026-01-05 08:59:00,Machine B,59.596217389363524,2.062073562130691,4.920625358813435,1490.908659305493,11.658320021409331
2026-01-05 08:59:00,Machine C,59.779992723809684,1.9666593653607811,5.044999983221486,1491.2769004928382,12.259869386110708
2026-01-05 09:00:00,Machine A,59.893225466552586,2.160622140874895,4.988628968462217,1494.0393035664756,11.960233679404226
2026-01-05 09:00:00,Machine B,58.92796404369305,2.064470283650759,5.037969260441537,1503.6365793951927,12.118064114597278
2026-01-05 09:00:00,Machine C,60.554819518061876,2.135691280339814,5.046377288865677,1509.005082652843,11.912107297330621
2026-01-05 09:01:00,Machine A,60.32765353849886,2.187237759291085,4.9531839362477355,1489.122827288674,12.091980053261555
2026-01-05 09:01:00,Machine B,60.22506489825251,1.9518061668008837,4.952737172406331,1516.2201764743213,12.364975803561423
2026-01-05 09:01:00,Machine C,60.02557351384722,2.2424981542065257,4.97535655260878,1494.2773917236007,12.309745111692573
2026-01-05 09:02:00,Machine A,59.11371422093254,2.086301380472614,4.917020158083679,1487.3347946285317,12.167840271030453
2026-01-05 09:02:00,Machine B,59.55075022561145,2.0823475141406975,5.015055658355035,1511.7949944775412,11.47497066318064
2026-01-05 09:02:00,Machine C,59.94068213042263,2.132270099402138,5.013377014306328,1496.341585644079,11.894629360802565
2026-01-05 09:03:00,Machine A,59.560795240256574,2.0949754621484837,5.009167110699921,1518.7242111584935,11.939938348352737
2026-01-05 09:03:00,Machine B,59.96174744100561,2.083142481673859,4.98354731639759,1496.930122389089,12.170847972115366
2026-01-05 09:03:00,Machine C,59.3248658937721,2.0226007938099815,5.107172341238849,1497.8660912965356,11.845045600884328
2026-01-05 09:04:00,Machine A,60.346892950118715,2.0889562339774774,4.98406634547116,1497.9649635300325,11.723452365940275
2026-01-05 09:04:00,Machine B,61.110277940306254,2.1068799252004173,4.8832911478894845,1498.8721748065846,12.54790082662166
2026-01-05 09:04:00,Machine C,60.35466390865833,2.0406389260088207,4.932309624022657,1495.819567641191,12.018305287847772
2026-01-05 09:05:00,Machine A,60.00620133790941,2.067346145920884,5.0197405635573045,1485.4239800722974,12.14282274971066
2026-01-05 09:05:00,Machine B,58.97054502937301,2.012595658369327,5.020868540151591,1519.9707990179716,12.063008607223233
2026-01-05 09:05:00,Machine C,59.384160927530885,2.06078893214085,4.939404514000936,1484.6554803866775,12.08034978386395
2026-01-05 09:06:00,Machine A,59.21890634866734,2.1237106416093403,4.975565871551852,1516.8793864038078,12.064743779115814
2026-01-05 09:06:00,Machine B,60.0336860041465,2.021513027350698,4.979319737862779,1496.8547493270644,11.854828355862573
2026-01-05 09:06:00,Machine C,58.596151130575564,2.0154922829197233,5.031374694833592,1480.8180176158405,11.72637543074934
2026-01-05 09:07:00,Machine A,60.1926276054989,2.1513853717200395,5.033126306489064,1481.7322292327033,11.953788064020102
2026-01-05 09:07:00,Machine B,59.04307484159064,2.0161727824904143,4.947969957257925,1482.0400742793254,12.27051878195131
2026-01-05 09:07:00,Machine C,59.20774611189336,1.9210459601019183,4.987794564073895,1496.2036149220626,11.86974077472797
2026-01-05 09:08:00,Machine A,60.19384995476274,2.074710010242521,4.944918908521287,1507.9899971736806,12.002502751884306
2026-01-05 09:08:00,Machine B,59.14694275857173,1.9852622234033919,4.962222964062973,1487.324815100512,12.15105035519522
2026-01-05 09:08:00,Machine C,60.23789209044655,2.11669196654987,5.059986489017208,1505.6367280768206,12.013620192687544
2026-01-05 09:09:00,Machine A,59.817395637049245,2.0329741392977883,5.0351512729522705,1514.8446065021096,11.989882519713314
2026-01-05 09:09:00,Machine B,59.96672797511525,2.096792407031645,4.963650281379633,1528.6063324557824,11.986761473462249
2026-01-05 09:09:00,Machine C,58.7983117568845,2.039210565972407,5.04916199847227,1492.4526557408067,11.834224967439946
2026-01-05 09:10:00,Machine A,60.31019428329669,2.0635906132769066,4.9880264467441835,1490.3502004611005,11.80104537619427
2026-01-05 09:10:00,Machine B,59.37916740558915,1.9749035905165482,5.010970133487695,1502.8151469707213,12.340158551685663
2026-01-05 09:10:00,Machine C,60.18762754756488,2.0796929951099576,5.037216679437484,1509.3027502422085,12.065482219039508
2026-01-05 09:11:00,Machine A,59.17934766072177,2.0355265777105847,4.968899623804916,1486.5123388508468,12.087984793337533
2026-01-05 09:11:00,Machine B,60.17006486144678,2.0172711088376234,4.984753891453042,1491.7160450498666,12.120379129721288
2026-01-05 09:11:00,Machine C,59.85256753580268,2.0480317032324136,4.937334736882742,1503.0384541235442,12.179043680445236
2026-01-05 09:12:00,Machine A,60.85787247148225,2.075397778822639,4.9840986283096465,1505.6363606338243,11.832396163914863
2026-01-05 09:12:00,Machine B,60.15387534651512,2.1549562934216655,5.086141494168453,1502.0514642262501,11.977391925825723
2026-01-05 09:12:00,Machine C,59.80741209576977,2.100414915892722,5.00976904579694,1504.34175533526,11.728680029812176
2026-01-05 09:13:00,Machine A,59.42115693419319,2.0484940788821997,5.0317355321045,1497.9728501241032,12.039278921002037
2026-01-05 09:13:00,Machine B,60.352354597046904,2.147596196654144,4.963771308590605,1501.9399486365546,12.439769570696466
2026-01-05 09:13:00,Machine C,59.8957425663827,2.1073741686021465,4.9924415809654725,1499.623743591882,11.711310640612632
2026-01-05 09:14:00,Machine A,59.90083921798654,2.0547048580112,4.991149320696178,1500.7321782649706,12.177882691304905
2026-01-05 09:14:00,Machine B,59.67503981913965,2.1457676578878786,5.018786514880618,1510.3898040381578,12.142692092488897
2026-01-05 09:14:00,Machine C,60.14696353622668,2.1850807142761224,4.96739627152986,1492.4591066556377,12.036286279590072
2026-01-05 09:15:00,Machine A,59.955142461952015,2.092480098061697,4.889235994219827,1497.3648721288948,11.968536433430307
2026-01-05 09:15:00,Machine B,59.27052102089468,2.034030194303631,4.869390210084033,1494.2290000059104,11.9208712891748
2026-01-05 09:15:00,Machine C,60.51637051340218,2.1062285379413845,4.9814693473230065,1512.3142760172823,11.99604842803283
2026-01-05 09:16:00,Machine A,59.73521130366259,2.1603714893738086,5.113826934477155,1500.7393241542736,11.846928896975939
2026-01-05 09:16:00,Machine B,58.941230368569435,2.144027608112391,5.040885580313145,1505.2353534387944,11.956067665612288
2026-01-05 09:16:00,Machine C,59.533125694883644,2.2480329857900023,4.982416031019474,1509.309027605399,11.516277143460858
2026-01-05 09:17:00,Machine A,60.01790027227598,2.144701682779021,5.027925759080378,1492.2865971643114,12.109424461087867
2026-01-05 09:17:00,Machine B,60.67616588592738,2.1779726152560164,4.9646812248942105,1491.1970838779876,11.870880679508465
2026-01-05 09:17:00,Machine C,60.21402758342157,2.1597477448507436,4.995587727485345,1512.120764362379,11.939137966102042
2026-01-05 09:18:00,Machine A,60.61030640857212,2.0386783642416906,5.017488590885753,1499.1442071944887,11.789443387377668
2026-01-05 09:18:00,Machine B,60.12099452558069,2.0192679726906526,5.015266414367435,1498.2466316208654,12.690809280448835
2026-01-05 09:18:00,Machine C,60.85201675067226,1.9527171066165725,5.004716007819055,1523.933141936173,11.976760143128049
2026-01-05 09:19:00,Machine A,60.87271082457542,2.130085567705662,4.9580571945243745,1491.7770863138517,11.888059945770037
2026-01-05 09:19:00,Machine B,60.631453807679506,2.1364809745687303,4.933417761997126,1484.0648098320787,12.106650404242753
2026-01-05 09:19:00,Machine C,60.18249026771171,2.008992480370985,4.9487868832820565,1498.870547225186,12.10073005750481
2026-01-05 09:20:00,Machine A,60.044193956995315,2.040304419715436,4.946454650207774,1493.8694749400502,12.081987116996114
2026-01-05 09:20:00,Machine B,59.5285937830395,2.1963606041284924,5.003960752390207,1482.9958930427642,12.47116423631963
2026-01-05 09:20:00,Machine C,60.23971485362708,2.070592362707185,4.96362131590893,1525.4600998207914,12.20064117392355
2026-01-05 09:21:00,Machine A,59.39800956578299,2.202202415339222,4.957843367099413,1503.3994415778077,11.672122018907086
2026-01-05 09:21:00,Machine B,59.51454043968305,1.9408665942962182,5.027030475147353,1525.4409692526094,12.277912051716012
2026-01-05 09:21:00,Machine C,60.53262375407035,2.1897702415867926,4.982823214058715,1500.410132588695,12.060122961352906
2026-01-05 09:22:00,Machine A,59.92794885295876,2.210386586380351,5.060476035122145,1505.728926881233,12.343821814004587
2026-01-05 09:22:00,Machine B,60.32550926612133,2.361682089777167,4.940375903660876,1491.727856973392,12.08375956564011
2026-01-05 09:22:00,Machine C,59.598975190020276,2.172393481495511,5.0581231502341,1508.4557739866477,11.807800731615137
2026-01-05 09:23:00,Machine A,60.35975071187423,2.1163478149767165,5.011305400502218,1499.0551704931274,12.128157026850529
2026-01-05 09:23:00,Machine B,59.37084501310345,2.0398370997078166,5.011106612127473,1499.6765299627775,12.04306875865775
2026-01-05 09:23:00,Machine C,60.87939610100721,2.078583133836202,4.978328650760925,1505.7886348479894,11.632697959524986
2026-01-05 09:24:00,Machine A,58.957546842562735,2.1894059357546527,5.075556828317957,1495.566535946115,12.058362553485262
2026-01-05 09:24:00,Machine B,60.52066531231571,2.0463080963895464,4.976119885333341,1490.4079624281003,12.068529439838962
2026-01-05 09:24:00,Machine C,59.23725050405256,2.013383454217055,5.019729971068527,1522.1293969607311,12.078744999862879
2026-01-05 09:25:00,Machine A,59.85630081864795,2.0697371826108637,4.952077044715237,1516.9013861309563,11.492158416500867
2026-01-05 09:25:00,Machine B,59.75379556112903,2.235385212489425,4.964293445389997,1491.8391701516591,11.973921152216095
2026-01-05 09:25:00,Machine C,59.05568464167847,2.030744145529459,5.064066692823226,1500.8973214696261,12.090217456740765
2026-01-05 09:26:00,Machine A,61.00654166992525,2.084944651435914,4.9778315060236435,1513.1537083962642,11.855527928226524
2026-01-05 09:26:00,Machine B,60.00016206245291,2.1207689078322574,5.104583454469775,1504.0349789562285,11.52438920744984
2026-01-05 09:26:00,Machine C,60.02607001461087,2.119675784751694,4.99856608561626,1499.3686548833352,12.122608841954158
2026-01-05 09:27:00,Machine A,61.81426887157343,2.0427314044975016,5.005007145623003,1482.0520769894956,12.023293683010284
2026-01-05 09:27:00,Machine B,60.627038799462674,2.137760765470246,5.0284204762287406,1478.7455419392977,12.367379033965802
2026-01-05 09:27:00,Machine C,60.612926319588894,2.1461866193427745,4.957250760954581,1501.8190781378344,11.905815717871029
2026-01-05 09:28:00,Machine A,58.776833696056556,2.1897427320787672,4.995944642172532,1494.182395205973,11.887934553434047
2026-01-05 09:28:00,Machine B,58.64689466491557,2.1325703842566623,5.025955149897841,1497.6044181038685,11.770419424961998
2026-01-05 09:28:00,Machine C,59.3836616419874,2.039944165079667,5.042196953544578,1495.648668594757,11.910426717644707
2026-01-05 09:29:00,Machine A,60.2033967062849,2.0704239403832982,4.9701814166181615,1473.7631227197942,12.193748106384712
2026-01-05 09:29:00,Machine B,59.91766397889825,2.1588915409808846,4.922264496346007,1492.9214240213544,11.772739427421493
2026-01-05 09:29:00,Machine C,58.67838441531878,1.978899069868802,4.993382716332126,1494.330717455131,11.735123558384622
2026-01-05 09:30:00,Machine A,60.28488979371785,2.044638804061423,5.0361137073589,1495.434806868216,11.9433313652585
2026-01-05 09:30:00,Machine B,60.95821671591059,2.1145911371779103,5.064047210439021,1487.0949629205743,11.815366975194362
2026-01-05 09:30:00,Machine C,60.03958998115095,2.0628470544615056,4.949296540355736,1484.8008447632299,11.990303219905869
2026-01-05 09:31:00,Machine A,60.92825369167897,2.0934139457445813,5.063502146696346,1493.6009738078076,12.048955256759731
2026-01-05 09:31:00,Machine B,60.85700298375835,2.0891877114374067,5.037320910981648,1490.9756553304612,11.967031123684047
2026-01-05 09:31:00,Machine C,60.186845608470406,2.129364282134471,5.067909207355249,1513.8760955627884,12.153068507227257
2026-01-05 09:32:00,Machine A,59.39766711839319,2.158202695490064,5.008532597087503,1483.313850796433,11.962251157397754
2026-01-05 09:32:00,Machine B,59.00677649760769,2.1423061994707693,5.018898131301704,1522.8953819201627,12.169574657899469
2026-01-05 09:32:00,Machine C,59.16140167143289,2.023002191705513,5.016657126603755,1474.1010040470248,11.992567843013223
2026-01-05 09:33:00,Machine A,59.35335818517164,2.1339398509964154,5.000966371183369,1516.804391002576,12.001346906820324
2026-01-05 09:33:00,Machine B,59.19345816178996,2.1324909803764354,5.029492512315763,1529.6303524403138,11.875632801879119
2026-01-05 09:33:00,Machine C,60.12726822067874,2.130535242758369,4.9973312577785745,1513.0359110024765,11.876604099249045
2026-01-05 09:34:00,Machine A,59.99278204806063,2.0748050687394284,5.121333387936568,1490.195896191095,12.059586635393684
2026-01-05 09:34:00,Machine B,60.532095797279524,2.0457320096927085,5.025629749671562,1503.0923486553186,11.896675047605052
2026-01-05 09:34:00,Machine C,60.12941922833157,2.096646423100614,5.0215527246299825,1502.7526519379096,12.011818666605004
2026-01-05 09:35:00,Machine A,59.369748033990874,2.1342108975103797,4.983987962884928,1521.1145672333917,11.819303492555232
2026-01-05 09:35:00,Machine B,60.194079030570364,1.9901559472345087,4.976073575262111,1474.1716101257487,12.048084270825617
2026-01-05 09:35:00,Machine C,60.65136564178444,1.9953866481292049,5.039847184501411,1491.5875101121464,12.320314275579085
2026-01-05 09:36:00,Machine A,59.44975046867382,2.148442016417945,4.986881093464492,1497.9678899157436,12.25444777235442
2026-01-05 09:36:00,Machine B,60.57277667619138,2.1647293990708483,4.992019366623967,1496.533129429768,11.652236907495814
2026-01-05 09:36:00,Machine C,59.36625300440088,2.1254687381259787,4.993105890552888,1500.8991249427947,12.207850721926812
2026-01-05 09:37:00,Machine A,60.11322657804673,2.0436672049940388,5.0715738556963705,1510.9030416193577,12.058026665417751
2026-01-05 09:37:00,Machine B,59.99536423133659,2.129306957514725,4.954272247660304,1503.6085745018127,11.778683501242424
2026-01-05 09:37:00,Machine C,60.163400040677,1.9517761747948044,4.951660323941698,1506.776520038558,12.004239728702473
2026-01-05 09:38:00,Machine A,60.74569823032095,2.110932520500307,4.959046266799998,1511.9394671708,11.86449199741862
2026-01-05 09:38:00,Machine B,61.068623075545375,2.229886974237831,5.017985574945206,1505.5486279062038,12.158299786416965
2026-01-05 09:38:00,Machine C,59.55955591911388,2.1254782453437264,4.988626618619633,1506.0144999253705,12.023620693001291
2026-01-05 09:39:00,Machine A,60.385291771379556,2.1356742678670764,4.994870702689571,1519.7059403031649,12.062274625824331
2026-01-05 09:39:00,Machine B,60.21755579981796,2.0281585797268638,4.878083129311019,1494.274549175783,12.152189105176223
2026-01-05 09:39:00,Machine C,60.08923690555216,2.203045285620975,4.985239164643967,1505.6113779188122,12.101177012907073
2026-01-05 09:40:00,Machine A,59.7249550352681,2.1678812884310803,5.077294823988932,1502.880858151705,11.941459167115703
2026-01-05 09:40:00,Machine B,60.45427102120467,2.1694962140185345,4.982016916066635,1503.9636877461305,12.236105452482393
2026-01-05 09:40:00,Machine C,60.02648333799936,2.0956739859169673,5.027869827859681,1498.6119258902465,12.037928099804478
2026-01-05 09:41:00,Machine A,59.31588916371079,2.065431059163759,5.0048796630425905,1523.8918425586637,11.915463403029534
2026-01-05 09:41:00,Machine B,60.995338300566786,1.8750122405195184,4.94986309939257,1532.7754645099146,12.118176414698327
2026-01-05 09:41:00,Machine C,60.04047273964072,2.1676900196724485,5.091975100141128,1504.6626201753506,11.892042339397408
2026-01-05 09:42:00,Machine A,59.37999750240658,1.9592072902434845,4.92174358027498,1489.2426581265088,11.764442046459825
2026-01-05 09:42:00,Machine B,58.11380021878515,2.0164870580328427,4.976407017613929,1492.7346061455364,12.303904935861837
2026-01-05 09:42:00,Machine C,59.988610440191486,2.096615621946192,4.958230985557599,1499.2946081810308,11.846980774620517
2026-01-05 09:43:00,Machine A,59.43322324008504,2.1793515471760476,5.021342024001071,1494.6232471902931,12.029098609407063
2026-01-05 09:43:00,Machine B,60.042297737412696,2.05031905961541,4.952753308218995,1480.5267920368017,11.928278529292275
2026-01-05 09:43:00,Machine C,61.51242521529478,2.170854852292219,5.065216506633024,1509.542916144885,12.370572994987715
2026-01-05 09:44:00,Machine A,59.732324634988274,2.144657486043803,5.007575848587399,1503.3056713316134,12.264182000533975
2026-01-05 09:44:00,Machine B,59.43626235488834,2.0123685048627173,5.080705696151225,1501.2108184217648,11.875354163310773
2026-01-05 09:44:00,Machine C,59.5746245873725,1.9973481757917073,4.924978979888975,1497.659947468147,11.88141482593592
2026-01-05 09:45:00,Machine A,60.15919060804679,2.040550367395644,4.993948579211001,1504.3320132435772,12.143239147942536
2026-01-05 09:45:00,Machine B,60.004793585344764,2.1634277694814146,4.975507389570542,1478.2489396011763,12.053671797603705
2026-01-05 09:45:00,Machine C,60.253311996862465,2.072113042723601,4.959662687427721,1506.6207392285253,12.085289483239656
2026-01-05 09:46:00,Machine A,59.47028069127144,2.053318129696717,5.081821260617083,1510.422983252807,11.928398138821796
2026-01-05 09:46:00,Machine B,58.35263168101357,2.0274820840421297,4.997457669144536,1495.7206622812882,12.049420512966083
2026-01-05 09:46:00,Machine C,59.36540712232628,2.1259881326808836,4.98366883332161,1498.1272379901372,11.941645256169384
2026-01-05 09:47:00,Machine A,59.76699965812041,2.099704877948129,4.960942875385861,1510.7979099855395,12.162651535743928
2026-01-05 09:47:00,Machine B,59.932825899461015,2.0916170677081753,4.9960813485937114,1497.7440107817984,12.050489862918479
2026-01-05 09:47:00,Machine C,59.36960166046011,1.9601185576413183,5.04331987001788,1503.0038795182857,12.101053503186554
2026-01-05 09:48:00,Machine A,59.634689455112785,2.1134564645689005,5.042719233033918,1488.1562429304472,11.890735128297466
2026-01-05 09:48:00,Machine B,60.180674845711216,2.2285088920504577,5.060283657259598,1504.4161204379343,11.802160845673864
2026-01-05 09:48:00,Machine C,60.96052507420625,2.1160004246574604,4.867488822635091,1495.913926859618,12.130789564184589
2026-01-05 09:49:00,Machine A,59.48998549937262,1.9955214101769916,4.996427729847619,1500.378788007479,11.930323129787535
2026-01-05 09:49:00,Machine B,60.18789936439941,2.10543759769309,4.922164202393196,1484.1716377959779,12.002382203249727
2026-01-05 09:49:00,Machine C,58.96461910491322,1.851160954790453,5.036652679650219,1498.8454382048617,12.228253193902074
2026-01-05 09:50:00,Machine A,60.50770407781672,2.0642029089434817,4.978695721488447,1500.3031539731808,12.108535269312066
2026-01-05 09:50:00,Machine B,59.72283888643978,1.9937283835629513,5.098848768405659,1492.7443951614907,11.88631158325645
2026-01-05 09:50:00,Machine C,59.76798981450703,2.0986052882440793,4.998011888428591,1502.0978319242497,11.528502508202537
2026-01-05 09:51:00,Machine A,60.34837357166819,1.9897518926772781,4.976449986937538,1491.932209604155,12.293944752901709
2026-01-05 09:51:00,Machine B,59.60974772839608,2.0637904848276847,4.987722491739966,1515.4061415219517,11.622029468193976
2026-01-05 09:51:00,Machine C,59.34749872814313,2.0350719959046315,4.91927593729548,1491.190227040624,11.597057103813317
2026-01-05 09:52:00,Machine A,60.242152842168665,2.114997413773802,4.949861072186044,1481.5669804914633,11.772168784893143
2026-01-05 09:52:00,Machine B,60.541420450281194,2.150448988998667,4.963122156796603,1500.294597988848,11.93573149399255
2026-01-05 09:52:00,Machine C,58.94279985779783,2.081225854726219,5.060587445359808,1482.4093020595976,11.87125051494675
2026-01-05 09:53:00,Machine A,59.04242570423627,2.1476228848270433,5.0333143641256575,1506.1005039002155,11.825925265141784
2026-01-05 09:53:00,Machine B,59.80044200353709,2.2722774341736702,5.004784768879813,1485.749681088154,12.036067068132782
2026-01-05 09:53:00,Machine C,59.37532611843073,2.0644552438243453,5.04684844977946,1506.9407783762022,12.104599065649465
2026-01-05 09:54:00,Machine A,60.16320066412991,2.049734401168927,4.986081677984945,1505.2963043103593,11.93024546375974
2026-01-05 09:54:00,Machine B,59.8968847206078,2.1943470247775365,5.027968503365368,1482.3930960781588,11.779572594147295
2026-01-05 09:54:00,Machine C,59.94582615233591,2.149171523846546,5.062757920835236,1503.698101064701,11.910864088789358
2026-01-05 09:55:00,Machine A,60.015462116216995,2.1146343002831167,5.1053120148851665,1514.8871585543168,12.157012183649996
2026-01-05 09:55:00,Machine B,59.9430932358429,2.037967430079172,5.025023226249256,1504.2829061905884,11.782338441389062
2026-01-05 09:55:00,Machine C,58.96255731195465,2.0958925713324024,5.014060322796145,1511.673508337229,11.932504719374677
2026-01-05 09:56:00,Machine A,59.21096723457745,1.986786658121399,5.0561279935074674,1514.3518101405812,12.064581846080944
2026-01-05 09:56:00,Machine B,60.41017723768783,2.027095080901306,5.086571437551617,1506.4356171864993,11.922832245077675
2026-01-05 09:56:00,Machine C,58.99736454909693,2.155973862028229,4.952321459265299,1504.4472973058914,11.895675932528368
2026-01-05 09:57:00,Machine A,59.903262341291516,2.2511503636813885,5.069252981352432,1504.2537474599455,11.99494114688701
2026-01-05 09:57:00,Machine B,59.50210897067548,2.093804890589424,4.908902088521596,1513.4772253231308,12.41300485154017
2026-01-05 09:57:00,Machine C,60.36533430994622,2.0276728667080737,4.966832527916777,1507.5189166774921,12.050910825102545
2026-01-05 09:58:00,Machine A,60.0755016331325,2.0672427557990107,4.94453814331985,1496.0092418222596,12.067918524651036
2026-01-05 09:58:00,Machine B,60.59343877282532,1.8808950850445334,4.977681742248579,1492.557618545353,12.029635775574283
2026-01-05 09:58:00,Machine C,59.572557075988705,2.1469265869866785,5.009790919394073,1479.4615274978014,12.380108051086822
2026-01-05 09:59:00,Machine A,60.23397596651865,2.122050942586326,4.97527115589192,1509.927031813686,11.687926505211381
2026-01-05 09:59:00,Machine B,59.59362123475978,2.134299822996284,5.053873927135984,1495.8809308579575,12.156136217985155
2026-01-05 09:59:00,Machine C,59.84522874405536,2.0760411287366707,4.965167004374727,1505.14179514387,12.046929237540953
2026-01-05 10:00:00,Machine A,60.25481067192345,2.034777085696437,5.0151020577550165,1509.3711789373103,11.745809432518888
2026-01-05 10:00:00,Machine B,60.21094246977748,2.0664607474661385,4.953302977367687,1493.8747098131125,11.761885532777338
2026-01-05 10:00:00,Machine C,60.65612075292976,2.067949686418399,4.947832490819135,1494.8843809438345,11.475166644499717
2026-01-05 10:01:00,Machine A,60.49484564792878,1.9490956057613298,5.058093318043177,1509.8471915399718,12.250408712739732
2026-01-05 10:01:00,Machine B,59.117253579055856,2.1570438052163627,4.961441861895003,1480.1831780109248,11.775171896367128
2026-01-05 10:01:00,Machine C,60.22564411901748,1.9553409955996788,4.893645122819207,1516.468649209723,12.180760025880288
2026-01-05 10:02:00,Machine A,60.611704236120794,2.1335360486632484,5.007411154809174,1513.1418489757511,11.853857504959755
2026-01-05 10:02:00,Machine B,59.836342771397376,2.0688155590863397,5.003643411891424,1500.4128899518264,11.790314471493096
2026-01-05 10:02:00,Machine C,59.86905993327169,2.076377562182396,5.017905180632961,1474.570752717392,12.178181962985892
2026-01-05 10:03:00,Machine A,59.71310104529031,2.0960925131412793,5.0956893020034215,1496.671941494476,12.247769976934691
2026-01-05 10:03:00,Machine B,60.041975153646824,2.16782813010401,4.965723419357348,1488.1914177237697,11.872284761924595
2026-01-05 10:03:00,Machine C,60.42616492588271,2.2043785359857218,4.9512080831382494,1491.1926145006328,11.712752116337429
2026-01-05 10:04:00,Machine A,60.28788139203095,1.9927833291975163,4.999941500549657,1506.1109758129571,11.949448461893114
2026-01-05 10:04:00,Machine B,59.43176230374363,2.018233020321864,4.956112196723571,1519.2743899201978,12.208471063405938
2026-01-05 10:04:00,Machine C,59.51007382428197,2.171202172619455,4.9810049087945725,1496.87908152654,12.121757954305851
2026-01-05 10:05:00,Machine A,60.006345123317445,2.163628433103446,5.082324653774192,1507.025834786953,12.160662844724854
2026-01-05 10:05:00,Machine B,60.39239173934107,2.113699265968046,4.928868567562512,1496.0631645188928,11.98342059530369
2026-01-05 10:05:00,Machine C,60.28790342214133,2.209853993431092,5.013171263082608,1500.9766540371008,11.812680436477951
2026-01-05 10:06:00,Machine A,59.17973166957946,2.0568378024183684,4.983835870074182,1504.9617545286687,12.092270022397141
2026-01-05 10:06:00,Machine B,59.89075264239089,1.8704303980116035,4.9757648984024225,1512.9478636817084,11.663638848674465
2026-01-05 10:06:00,Machine C,59.543632228193715,2.100171926434215,4.934799187138604,1519.5267736999629,11.983333474600677
2026-01-05 10:07:00,Machine A,60.39688703678729,2.0299497014002608,4.967636103795634,1505.9391756542796,11.875175788987413
2026-01-05 10:07:00,Machine B,59.111872403325115,2.229302540285098,5.008839381888158,1489.1378993190772,11.86027351706751
2026-01-05 10:07:00,Machine C,60.60979392152442,2.2785428916393915,5.036319825659948,1498.8954895365478,11.913608124869217
2026-01-05 10:08:00,Machine A,59.88675077888138,2.2692503864050004,5.069675975480503,1479.1104428238448,11.866809520848141
2026-01-05 10:08:00,Machine B,59.96381144813175,2.3396991276318513,4.9461386062762625,1502.7476392279727,12.123301548493561
2026-01-05 10:08:00,Machine C,60.06610834666881,2.016415288455473,5.005324309730134,1506.1367879540924,12.065520116854225
2026-01-05 10:09:00,Machine A,60.562179925148605,2.105703569079795,4.9414120824058365,1492.7999367034665,11.956073769616516
2026-01-05 10:09:00,Machine B,59.43856008048939,2.004944104870373,4.917441112047223,1497.1805915547052,11.706066911585939
2026-01-05 10:09:00,Machine C,59.19844961436514,2.1303801750798956,5.037011153180284,1493.406875762695,11.912594538478
2026-01-05 10:10:00,Machine A,59.53035965304162,2.1957198782549034,5.0442093869356395,1507.218600028127,12.18512892427882
2026-01-05 10:10:00,Machine B,60.23523726995025,2.1808625107204587,5.019358088955818,1500.5870978961618,11.94493815752759
2026-01-05 10:10:00,Machine C,60.52072566003907,1.973083468435824,4.972921206910286,1524.5378789817198,11.874783907285522
2026-01-05 10:11:00,Machine A,60.2015074037315,2.0410988087886244,4.990719453259647,1510.186398432421,11.860247316237038
2026-01-05 10:11:00,Machine B,60.632973656831574,2.1112432795934435,5.16206295384884,1512.654404358505,12.064975524881365
2026-01-05 10:11:00,Machine C,60.85579618614002,2.2367627692501015,5.073916455022012,1509.4223076807555,11.748867958740886
2026-01-05 10:12:00,Machine A,59.107517283971546,2.1191326947661793,5.026159972363487,1510.8405251817696,12.09942724807722
2026-01-05 10:12:00,Machine B,59.9370139891892,1.979430657149241,4.899831543529991,1508.8877125181168,11.849375121241808
2026-01-05 10:12:00,Machine C,59.62840960522608,2.147224887564424,4.966942163569318,1477.849453504478,12.024661880888491
2026-01-05 10:13:00,Machine A,61.185205870707314,1.9779314413813864,5.019143556768573,1488.062313154263,12.181652281853465
2026-01-05 10:13:00,Machine B,59.433066229438644,2.038752966936934,5.046362525367294,1521.2495726607308,12.096061563444838
2026-01-05 10:13:00,Machine C,61.456483226602565,2.108193824857513,5.07309204296968,1491.1160476099355,11.991582789672723
2026-01-05 10:14:00,Machine A,59.5401667919333,2.035238603429552,5.049414220155133,1514.2986097518017,12.302428711624383
2026-01-05 10:14:00,Machine B,59.81328045346105,2.2080792751022775,5.035653464092579,1488.210536895989,11.793272866896217
2026-01-05 10:14:00,Machine C,59.984142027155585,2.1858026691768155,5.037951857249252,1515.9584789810212,11.613692778725326
2026-01-05 10:15:00,Machine A,59.08404848598739,2.0476083486952024,4.957975741883554,1500.260378052719,12.325570793738812
2026-01-05 10:15:00,Machine B,60.315934350296146,2.1447038281713855,5.019381288575738,1504.7877556168708,12.060748500490266
2026-01-05 10:15:00,Machine C,59.36390766144104,2.163657686470444,5.0446186687255725,1503.7796074458215,12.226284874100546
2026-01-05 10:16:00,Machine A,60.07274432680622,1.9385404731360265,4.995980080304706,1491.9809931065452,11.762710404361489
2026-01-05 10:16:00,Machine B,59.98210135143327,2.054815731911806,5.014808479231437,1511.8972331198102,11.834606831290612
2026-01-05 10:16:00,Machine C,58.83839932254952,2.095394419007568,4.978535431472623,1498.3940417069396,11.899674288725619
2026-01-05 10:17:00,Machine A,59.80564651564287,2.123336880727529,5.099737320920456,1493.3998130595294,12.362935069785793
2026-01-05 10:17:00,Machine B,60.45012067496779,2.1245686690065937,4.996718465905671,1492.5115027214495,12.01515830999287
2026-01-05 10:17:00,Machine C,59.81002631696288,2.079937397265778,5.0496238306791525,1514.7019374611982,11.866569897246325
2026-01-05 10:18:00,Machine A,60.916519238854356,2.191679224665005,4.937407389391004,1496.8310883600977,11.813879289062097
2026-01-05 10:18:00,Machine B,59.14643961073019,1.9704907765375848,4.95857229232832,1503.4477272309118,12.124150964128152
2026-01-05 10:18:00,Machine C,58.942148643459646,2.195066923068715,4.984395233997685,1508.7779317176585,11.73531491464736
2026-01-05 10:19:00,Machine A,60.69345062249905,1.9731796301913789,5.001537627426745,1486.9771765062942,12.101099208841655
2026-01-05 10:19:00,Machine B,59.67898232741498,2.1741781188551035,5.068045079373853,1480.2810363617343,12.12246898401969
2026-01-05 10:19:00,Machine C,59.27353585348494,2.1754364604887733,4.940024558622112,1497.8597827858691,11.991975188439334
2026-01-05 10:20:00,Machine A,59.589249786703284,2.107913238301049,5.0503195238809875,1527.4494000078378,11.698503760044245
2026-01-05 10:20:00,Machine B,60.61128674592405,2.0249164362152614,4.966267589090884,1492.928749691232,11.98476021225604
2026-01-05 10:20:00,Machine C,59.99653947229033,1.9936087182047535,5.03638930751551,1499.3644960360436,12.232346958002939
2026-01-05 10:21:00,Machine A,59.97958439839015,2.203676215062741,5.008047106830802,1497.6039624099258,11.825930596468513
2026-01-05 10:21:00,Machine B,59.564763445423054,2.145602735686722,4.9071989655056605,1515.2950879845762,12.124838622843471
2026-01-05 10:21:00,Machine C,59.90332588952618,2.0149481031875665,4.992996227938752,1488.2971642589685,12.097231062015277
2026-01-05 10:22:00,Machine A,60.22306058433172,2.173966028527615,4.985142763138493,1494.2606743439017,12.094734378163361
2026-01-05 10:22:00,Machine B,59.36328468639875,2.029469785401896,5.031770465050914,1510.6402809048732,11.802868766206664
2026-01-05 10:22:00,Machine C,60.009903105720184,2.213355553263252,5.040374361701147,1509.5504638562663,12.381758071691394
2026-01-05 10:23:00,Machine A,59.56672663786284,2.079639915727471,4.882272469285406,1497.5108611596384,11.891085853621018
2026-01-05 10:23:00,Machine B,59.6395820233384,2.1471968676290323,5.036163152991189,1490.7774505225032,11.901395148923516
2026-01-05 10:23:00,Machine C,59.554518263745855,2.105933294128482,4.9527308660320095,1493.8385761554107,11.75493386368348
2026-01-05 10:24:00,Machine A,60.24141920905189,2.1009888905524208,4.92294635017493,1492.5605560332858,11.918538665536303
2026-01-05 10:24:00,Machine B,60.85532482342261,2.164967697014768,4.950624111007565,1508.1408345035595,12.128060473533147
2026-01-05 10:24:00,Machine C,59.90377401843284,1.9872037207988444,5.022760136231857,1502.6035418833742,11.954464474162835
2026-01-05 10:25:00,Machine A,60.36607830227827,2.096523949239286,5.008322442197412,1504.2857030931464,11.769082877114736
2026-01-05 10:25:00,Machine B,60.33884535509424,2.0030231981002586,5.006628485494782,1504.4518586992747,12.120470567778504
2026-01-05 10:25:00,Machine C,61.00216825247265,2.237145174398745,5.049366154701348,1504.0499176658261,11.798978722230924
2026-01-05 10:26:00,Machine A,60.336316965163704,2.0493725236118308,4.991353344358004,1501.9697683209172,12.049255618298771
2026-01-05 10:26:00,Machine B,59.194029328733876,2.2299828031919837,5.124462708451168,1505.3690485344287,11.735201581053978
2026-01-05 10:26:00,Machine C,60.80466936700877,2.0029687492366515,4.993783358957555,1502.3511847733275,12.172915690257176
2026-01-05 10:27:00,Machine A,60.372718535671744,2.189983677213699,4.995870426912742,1504.8628810956773,11.905101754114586
2026-01-05 10:27:00,Machine B,60.232497508688674,2.1392294879521505,5.07510575739973,1487.3418919881772,11.889594746368116
2026-01-05 10:27:00,Machine C,60.46988192116347,2.0850080623276814,4.95037335962514,1500.789260102252,12.034067754161358
2026-01-05 10:28:00,Machine A,60.2766878348159,2.125623334720578,4.990588873935404,1491.4053706186648,12.057767670331875
2026-01-05 10:28:00,Machine B,60.80530937686393,2.150627130588129,5.018923346964649,1498.944491388226,11.747775253730573
2026-01-05 10:28:00,Machine C,60.137673884666796,2.1375629093612663,5.046066509893884,1491.6941511396856,11.863384878558199
2026-01-05 10:29:00,Machine A,59.76553743472001,2.091423106483821,4.994864302666255,1500.3788894673767,12.094536618447723
2026-01-05 10:29:00,Machine B,60.39755889025515,1.9650818635047886,4.975755000361058,1514.7457800325992,12.080463078271324
2026-01-05 10:29:00,Machine C,58.933986739342615,2.153921856185296,5.095908219731438,1476.0491089665625,12.303877535129102
2026-01-05 10:30:00,Machine A,59.99481082439266,1.9120023027804307,5.022306891361989,1513.8100769898247,12.072777400764314
2026-01-05 10:30:00,Machine B,58.88316614686739,2.155349121786965,5.087487695972315,1513.5549702507294,11.60242483407973
2026-01-05 10:30:00,Machine C,59.04421472923191,2.103535193564483,5.019670790259026,1482.8369606010915,12.155425691855106
2026-01-05 10:31:00,Machine A,59.89648680840961,1.9440159059477575,4.983386892185647,1500.088619689564,12.033749519045639
2026-01-05 10:31:00,Machine B,59.8413937816406,2.1228955954043456,5.0501015996655125,1498.8540231202842,12.063518978166336
2026-01-05 10:31:00,Machine C,60.31372780015056,2.0555819244663835,5.01930734504961,1500.3390644581204,11.939213064695972
2026-01-05 10:32:00,Machine A,59.01251929674659,2.1306316076129352,5.011577341263916,1510.1960430293818,11.893708619538641
2026-01-05 10:32:00,Machine B,59.47493421468318,2.020505206412587,4.913303879838517,1518.3915347087175,12.274213478153733
2026-01-05 10:32:00,Machine C,61.08676060893547,2.0718624670782675,4.986548708438668,1517.2471089652329,12.131782116896174
2026-01-05 10:33:00,Machine A,59.76178152025277,2.0510556093232166,4.907650191140469,1496.6568507263255,12.228918667765477
2026-01-05 10:33:00,Machine B,59.403039333710204,2.118149841441019,5.0506406852597685,1505.1686310776397,12.033347033926672
2026-01-05 10:33:00,Machine C,58.12085710875349,2.1306276567092115,5.12851609904723,1481.899519352018,11.951726109059727
2026-01-05 10:34:00,Machine A,60.62182454553539,2.1377960811484242,5.007615018627366,1509.5672707340314,12.003350141814348
2026-01-05 10:34:00,Machine B,60.11716925909382,1.9631625560341381,4.972827483634829,1513.7685321815977,11.732908629928026
2026-01-05 10:34:00,Machine C,60.82244670448499,2.10339049829569,4.983193769868683,1477.6981447471082,12.090450824540438
2026-01-05 10:35:00,Machine A,60.68071946921833,2.1612556420713687,5.0566157971273675,1507.002301102,12.130736541762264
2026-01-05 10:35:00,Machine B,58.90874533852565,1.9799152453102788,4.963199604990511,1498.4421579399293,12.077627384661636
2026-01-05 10:35:00,Machine C,60.68909717914821,2.0302091913364966,5.0119288055025235,1489.826021427338,11.962350592329287
2026-01-05 10:36:00,Machine A,61.44674642378381,2.145312694191798,4.97021483622933,1523.1284370627627,11.930513765902761
2026-01-05 10:36:00,Machine B,60.991195102466,2.0916012234955295,5.007474205036975,1514.4453858363054,12.117027891492215
2026-01-05 10:36:00,Machine C,61.52308993765677,2.125392835903954,5.005838004393628,1502.047525003429,12.262085900166303
2026-01-05 10:37:00,Machine A,59.077534230524016,2.005290570988802,4.974109999865101,1499.328756071275,12.353816665154024
2026-01-05 10:37:00,Machine B,59.56321170878153,2.2099798946584523,5.0563305174314594,1500.3377989226904,11.911494706892233
2026-01-05 10:37:00,Machine C,60.23521823883451,2.281812719271467,5.010267784112573,1490.6926862488608,12.082073740534307
2026-01-05 10:38:00,Machine A,60.42062161612326,2.189426752043978,4.984454666396371,1495.4731719108447,11.807686921775634
2026-01-05 10:38:00,Machine B,59.39338038797805,2.2513735064319684,5.023324640837475,1506.8687412963523,12.176679913786485
2026-01-05 10:38:00,Machine C,60.16353157378288,2.078477561259147,5.021923181238833,1504.100290631498,11.92346794782716
2026-01-05 10:39:00,Machine A,59.87743830731562,1.9487702201832995,5.0253830884444355,1511.5841053469132,12.50567129504179
2026-01-05 10:39:00,Machine B,59.33434738173646,2.1166913525189606,5.010115909027918,1490.264443982559,11.965014023599233
2026-01-05 10:39:00,Machine C,59.5375924441967,2.0972274918869616,4.928665328935111,1493.011756806461,11.944081769296494
2026-01-05 10:40:00,Machine A,60.863445050091734,2.1586168754215485,5.0481082271573126,1517.3532493193177,12.113941576304539
2026-01-05 10:40:00,Machine B,60.64380557157699,2.151885267037283,4.927268620148195,1489.9024781628643,11.945029179193904
2026-01-05 10:40:00,Machine C,60.68212118007034,2.2052189302995426,5.059958523433861,1514.4664867737633,11.792601219068256
2026-01-05 10:41:00,Machine A,60.289581299673465,2.0513976767235667,4.9175466834320405,1496.55034641533,12.26494739312545
2026-01-05 10:41:00,Machine B,60.106338087160864,2.295824220287433,5.008876061275853,1500.2697635538448,11.7441219824157
2026-01-05 10:41:00,Machine C,59.61177141635476,2.2024984451010057,5.057911133439798,1513.584616406528,11.927561773189003
2026-01-05 10:42:00,Machine A,60.469510908403436,2.2242851734795384,5.01840732775992,1523.6986930242883,12.179438883606613
2026-01-05 10:42:00,Machine B,61.02356416722527,2.259863118667307,5.059344567229954,1500.308093443896,11.956661349188815
2026-01-05 10:42:00,Machine C,60.26026147332867,2.136362549749505,5.002569892715854,1496.0653072484254,11.967573098671217
2026-01-05 10:43:00,Machine A,59.85617173288152,2.1042089660729104,4.956731116979674,1508.5995727976779,12.273335835743657
2026-01-05 10:43:00,Machine B,60.34461256996754,2.087715974226397,5.026400933984726,1503.7675818299906,12.011652877450297
2026-01-05 10:43:00,Machine C,59.823508539092664,2.0806002566337574,5.085368100683578,1532.5265612261567,11.75912661029319
2026-01-05 10:44:00,Machine A,59.93802695097687,2.1716624408829808,5.029562647102414,1502.0643736413656,12.10578710939158
2026-01-05 10:44:00,Machine B,59.98794327097452,1.973262692890252,4.94193448976387,1486.5412072646682,12.152821644736754
2026-01-05 10:44:00,Machine C,58.89620700611852,1.9813146651158717,5.033160772012825,1466.6559643000073,12.24492587151996
2026-01-05 10:45:00,Machine A,59.46684922514582,2.183912297213727,5.160408045695824,1472.7218684385466,12.139075429572129
2026-01-05 10:45:00,Machine B,60.2560613533305,2.0834582269158486,5.006489116123092,1489.059764684061,12.1561082218993
2026-01-05 10:45:00,Machine C,59.75444981603389,1.9877847458077529,5.079746841167035,1499.1918881662903,12.381527194088406
2026-01-05 10:46:00,Machine A,59.94900611943795,2.109683035173086,5.076315159999322,1505.2502125604053,12.035258524219293
2026-01-05 10:46:00,Machine B,60.782755251406996,2.100296428063798,4.9802501364350915,1493.2259140126357,11.889246969232767
2026-01-05 10:46:00,Machine C,60.899052165390195,2.0834720591546003,5.0352205834278045,1470.25492178519,12.113662261793175
2026-01-05 10:47:00,Machine A,60.10857597445268,2.060333979695038,4.8938062540055824,1511.0669752940632,12.048603512269638
2026-01-05 10:47:00,Machine B,59.118085490335716,2.1179114165654447,5.080672048011268,1502.4379977208926,11.723447678781435
2026-01-05 10:47:00,Machine C,60.518426175644535,2.1485386541929383,4.850708873294503,1506.5429064531415,11.799304118099183
2026-01-05 10:48:00,Machine A,60.246582665418,1.968741231177054,5.035228820852877,1509.1600661703792,12.0093952392599
2026-01-05 10:48:00,Machine B,60.61555927894813,1.9791021850803276,5.053223523040959,1498.0176100904348,11.980833100071429
2026-01-05 10:48:00,Machine C,60.36815130960682,1.9930871929718417,5.024931793362592,1501.0681470441482,11.871248877233539
2026-01-05 10:49:00,Machine A,60.20800844924622,2.2295548126458633,5.0719971569550335,1504.6776806464622,11.93966384477383
2026-01-05 10:49:00,Machine B,60.32628434875075,2.0354204955632467,5.037871190902519,1525.59792621604,11.987623352974522
2026-01-05 10:49:00,Machine C,60.465939331026945,2.0952203056831644,5.043841544803203,1493.5963890100877,12.166124709507967
2026-01-05 10:50:00,Machine A,59.75940091271857,2.004235651566141,5.099467977929081,1498.8434182372982,12.128902817736439
2026-01-05 10:50:00,Machine B,59.859671693449236,2.188095402670336,4.973963410430086,1489.553616327247,12.03109284887383
2026-01-05 10:50:00,Machine C,60.299413560430644,2.231427853508255,5.0176875239186245,1507.7279121423749,12.143855047384065
2026-01-05 10:51:00,Machine A,59.34966222623661,1.9934283395446684,5.0397729937435205,1503.480601099965,12.01589921261829
2026-01-05 10:51:00,Machine B,59.46343679750787,2.264145020475117,4.927537925967434,1490.2511860973216,11.559430123498075
2026-01-05 10:51:00,Machine C,59.35619990754099,1.9901988626260483,5.038867753136893,1508.5375638188107,12.362406778215757
2026-01-05 10:52:00,Machine A,59.22639888155883,2.0731968781811747,4.974057734335942,1505.5733994899451,12.203404361283638
2026-01-05 10:52:00,Machine B,60.5990807427738,2.0964731890313764,4.983770155205149,1491.497862158173,11.88801284112769
2026-01-05 10:52:00,Machine C,60.104767108500724,2.0790202513170444,5.122298930571901,1515.6601258661572,11.85578757704024
2026-01-05 10:53:00,Machine A,60.08752318696956,2.043901920589485,5.021940826168085,1517.4250575844717,11.737274378199167
2026-01-05 10:53:00,Machine B,59.7379226639353,2.2598772699796745,5.050085461000742,1511.3318682254192,11.94712686129732
2026-01-05 10:53:00,Machine C,60.46904413682869,2.1392843683847027,5.064299868233914,1497.470043439726,11.971644170759921
2026-01-05 10:54:00,Machine A,59.117870626741514,2.15888449069907,4.998975221891358,1487.2963527845557,11.583078849469187
2026-01-05 10:54:00,Machine B,61.00481080004484,2.1284300968536076,5.098100283192112,1499.4847070045191,12.190660710328556
2026-01-05 10:54:00,Machine C,59.59349452987162,1.935157684230055,5.064354612997346,1492.3004107303439,11.839712244048961
2026-01-05 10:55:00,Machine A,61.05809538633584,2.2675023080658177,4.916956656209896,1495.7466240482845,11.79312844598126
2026-01-05 10:55:00,Machine B,59.6180584035721,2.1058058464472817,4.976129068929614,1519.3709531324987,12.109391903003207
2026-01-05 10:55:00,Machine C,59.95992679270271,2.266656876724723,5.066306453501834,1477.8349249689563,11.937314833463281
2026-01-05 10:56:00,Machine A,60.146566969365544,2.038576355221485,5.001707897177039,1468.7116136511781,11.783007739308685
2026-01-05 10:56:00,Machine B,58.8352115276416,2.0695075753838057,5.050484286925941,1482.5825601075207,12.045836566956835
2026-01-05 10:56:00,Machine C,59.86191828413302,2.0862719521299944,5.042747987658235,1484.083815983408,11.955823358689829
2026-01-05 10:57:00,Machine A,60.509043869377706,2.144332918806574,4.962565884573566,1501.6403904399265,12.298088322820105
2026-01-05 10:57:00,Machine B,59.88410359383682,2.094959598733058,4.91846711888753,1516.9291542517465,11.845129619822364
2026-01-05 10:57:00,Machine C,59.62469720886254,2.1970498600372372,5.0496942301738965,1502.5039907875678,12.152230109961264
2026-01-05 10:58:00,Machine A,59.603025364521706,2.172325195944021,4.965329333441632,1517.8218761392543,11.936833166336035
2026-01-05 10:58:00,Machine B,60.01431865271375,2.076167334857175,4.998498827609576,1510.725820242691,11.86742955557266
2026-01-05 10:58:00,Machine C,60.5187511173166,2.092012370090285,5.090414954724686,1498.1215370674188,11.952463272318944
2026-01-05 10:59:00,Machine A,59.37796389194479,2.0575466488208725,5.056791492442507,1499.6024872876558,11.90307116207686
2026-01-05 10:59:00,Machine B,60.753229476544654,2.0317528002211875,4.975237568990317,1521.7648328437767,12.048227938400004
2026-01-05 10:59:00,Machine C,60.60437944041487,2.054284034325739,5.010971997930997,1511.1187208306046,11.76794257080803
2026-01-05 11:00:00,Machine A,59.40985170184391,2.0549519938015757,5.023855976893974,1496.1357284563423,11.870316375006318
2026-01-05 11:00:00,Machine B,60.257281930700344,2.1905109409566648,4.9960397979505995,1497.5682120803974,12.074688070643115
2026-01-05 11:00:00,Machine C,61.86113148224692,2.0901859023108225,4.9940437483141835,1508.9232840011962,12.329066533639592
2026-01-05 11:01:00,Machine A,60.33803930259765,2.305754411619334,5.031122052337973,1486.144777040739,12.056365924883723
2026-01-05 11:01:00,Machine B,59.42647044718324,2.105939490775362,4.957110999900408,1493.442623309424,12.2972301291721
2026-01-05 11:01:00,Machine C,59.312863217467964,1.9502638810880453,4.937435968323865,1501.3435108973326,12.196046753744533
2026-01-05 11:02:00,Machine A,59.56949974666306,2.08095906216961,4.946021163983137,1511.8891408148143,12.419502122808913
2026-01-05 11:02:00,Machine B,60.75886790823002,1.984244358285952,5.028334195348554,1514.6576664024908,12.015645762871367
2026-01-05 11:02:00,Machine C,61.16905593246069,2.0950426229572416,4.9733811075350385,1488.9602386671156,12.195392830085742
2026-01-05 11:03:00,Machine A,60.06161386257268,2.0597597989825,5.013991013250956,1530.774159819513,11.975680281930691
2026-01-05 11:03:00,Machine B,60.14375018648731,2.21514686169691,5.008234380990986,1497.0189215043476,11.643255022381089
2026-01-05 11:03:00,Machine C,60.227603499770545,1.9910200416106034,5.062778868295969,1500.3629587782714,11.951162616179666
2026-01-05 11:04:00,Machine A,59.517301308274554,2.0211697596744096,5.059417496030267,1504.2554539293003,11.953014114350346
2026-01-05 11:04:00,Machine B,60.22980789027101,2.0346521678099636,5.103519930445531,1493.0445603878852,12.311203265389995
2026-01-05 11:04:00,Machine C,60.44053409941568,2.191748140412004,4.957968814641792,1512.9076248153463,12.369287970182288
2026-01-05 11:05:00,Machine A,59.685932014511906,2.072285099825192,5.085571139946625,1487.9491856864377,11.811576235629845
2026-01-05 11:05:00,Machine B,61.27222214942552,2.063964908973932,5.0063140568618785,1492.0718766747384,12.02866023372954
2026-01-05 11:05:00,Machine C,60.1940844500954,2.0953956270027265,4.980481783770017,1489.2629521515828,12.145542582406552
2026-01-05 11:06:00,Machine A,61.244670836885675,2.218841719091544,4.924743602866467,1493.5591432758804,12.084290148111068
2026-01-05 11:06:00,Machine B,60.2311895708841,2.099198648390696,5.095716270430189,1496.9612555685906,12.233600677065319
2026-01-05 11:06:00,Machine C,60.432997175885696,2.18669846244859,4.952130363696281,1500.288928877807,11.723684165294184
2026-01-05 11:07:00,Machine A,59.73902490051832,2.080077223524496,4.943510230085197,1492.219699036501,12.351622183242867
2026-01-05 11:07:00,Machine B,59.81113683004921,1.9722057903066752,4.94929201539299,1516.3240768685575,11.971503515122679
2026-01-05 11:07:00,Machine C,59.978412782285105,2.15127153268337,4.86637062088903,1502.4592718838428,11.99020270238781
2026-01-05 11:08:00,Machine A,59.31978498867192,2.1993710894902065,4.986884273720951,1489.1465612844474,12.039420650174241
2026-01-05 11:08:00,Machine B,60.20437321709473,2.1164527136708804,5.045032354142772,1513.1144594171126,12.156721018859459
2026-01-05 11:08:00,Machine C,60.10059087883602,2.1991337649670424,4.995455192995893,1500.398958196136,12.344315383459383
2026-01-05 11:09:00,Machine A,59.72786905361663,2.21705388001668,5.0400209178957605,1503.7869750503683,11.935625457962011
2026-01-05 11:09:00,Machine B,59.6013970922562,2.110323386286979,5.01327120228198,1495.4952591969572,12.180765137721904
2026-01-05 11:09:00,Machine C,59.8342509688716,2.1604657203350697,5.003898069873002,1485.1710482572087,12.13454587569955
2026-01-05 11:10:00,Machine A,60.874362517967135,2.156892012554762,5.012458525064409,1501.9646670606962,11.79926211927338
2026-01-05 11:10:00,Machine B,59.97136978909774,1.9315568577432813,4.9727839103863625,1497.028643602507,11.95691468930291
2026-01-05 11:10:00,Machine C,61.034336296874315,2.152971622519248,4.971984961155092,1499.1798265396565,11.994337332869547
2026-01-05 11:11:00,Machine A,60.60631441219603,2.0664172497986546,4.945265180648456,1499.4823158711667,12.023601950625824
2026-01-05 11:11:00,Machine B,60.520787960608956,2.136098350841747,5.111489755759749,1515.0133137877463,12.28978680495017
2026-01-05 11:11:00,Machine C,60.09784212475962,2.1778992234745065,4.9720381783302505,1501.2922358339397,11.870454471384337
2026-01-05 11:12:00,Machine A,59.58784290008297,2.1330778634484404,4.993114427960972,1476.869746371399,11.708888615737582
2026-01-05 11:12:00,Machine B,60.248653997687185,2.117515107765731,5.05326396858496,1509.0336218753012,12.214380591236532
2026-01-05 11:12:00,Machine C,60.65961104537259,2.173553023339208,5.0188047683776995,1515.2528624503218,11.53084235149932
2026-01-05 11:13:00,Machine A,60.69160972648894,2.2257115997560617,4.927491031489487,1516.9340060897914,11.765710962794746
2026-01-05 11:13:00,Machine B,59.80907611672045,1.97532661762265,5.032493898674629,1508.1528290967192,12.210808319232735
2026-01-05 11:13:00,Machine C,59.98174370105841,2.2350396353174773,4.858287760868339,1488.5166678121307,12.001108168558359
2026-01-05 11:14:00,Machine A,59.924354678178055,2.0473851112966024,5.0032234463051335,1507.5377913330938,11.9527467109938
2026-01-05 11:14:00,Machine B,59.995538192012646,1.9607744347732463,5.023077695898064,1494.5879852466385,12.252307014962211
2026-01-05 11:14:00,Machine C,59.39339772377105,2.070289068705006,4.93787707562713,1491.537705492848,12.250421084901719
2026-01-05 11:15:00,Machine A,59.72503339900963,2.093904346238084,5.029280282090489,1478.8822768375621,11.679399983694312
2026-01-05 11:15:00,Machine B,59.73192155631668,2.1129673446847073,5.020783298496656,1498.299382853474,11.926848656190494
2026-01-05 11:15:00,Machine C,59.61179002682913,2.1030178317345793,5.019158451132809,1520.6188468974165,12.157264733658316
2026-01-05 11:16:00,Machine A,59.685490256247,2.081169600574961,4.992821367668092,1487.9037005063653,12.253186725311364
2026-01-05 11:16:00,Machine B,60.38502638940831,2.117831933040307,5.035991399046568,1483.8683145176924,11.970867785360513
2026-01-05 11:16:00,Machine C,59.62293743929072,1.9000055420734083,4.945915014115854,1499.2674241714692,12.012776845100666
2026-01-05 11:17:00,Machine A,60.04891816753889,2.0974086978574853,5.055209169108485,1492.9186745741108,11.97194324245188
2026-01-05 11:17:00,Machine B,60.23549936220097,2.0433981363196843,4.994277249484084,1506.1158091584753,11.949856217455546
2026-01-05 11:17:00,Machine C,60.20337713954467,2.0713556576631453,4.9773121132618625,1483.9672589393351,12.015528115305434
2026-01-05 11:18:00,Machine A,60.119262406493235,2.159840181018872,5.035078273597024,1506.632742010797,11.951865944272855
2026-01-05 11:18:00,Machine B,59.64410609559715,2.1015720076109257,4.960685693917376,1501.1526856694093,11.806908664417627
2026-01-05 11:18:00,Machine C,59.71535124278049,2.033037307742089,4.945307642935128,1505.0764316967648,12.274981542293594
2026-01-05 11:19:00,Machine A,60.64297910393344,1.955164343651335,5.098343432145633,1529.3292036279165,11.458732494115983
2026-01-05 11:19:00,Machine B,59.84113693745716,2.0665291944307262,5.040587954923968,1498.6491611163842,11.817818557160008
2026-01-05 11:19:00,Machine C,59.28976720334083,1.9683013048824016,5.099637140041766,1492.2908798434987,11.972529402616095
2026-01-05 11:20:00,Machine A,61.063673953854625,2.146394707338343,4.924081742623001,1483.3905188758977,11.920207044934617
2026-01-05 11:20:00,Machine B,60.49160455210466,2.013094355369482,5.074665078106288,1521.8475911664686,11.950349293473565
2026-01-05 11:20:00,Machine C,60.37420579588747,2.0601446061252506,4.945638233920582,1496.5279801409642,11.906850398318927
2026-01-05 11:21:00,Machine A,59.52881544441856,2.2388018399819103,4.933747018358733,1519.3851632781432,11.796697875618662
2026-01-05 11:21:00,Machine B,59.793762797077285,2.164108578908444,5.07499133986144,1514.2862964594676,11.919028733531631
2026-01-05 11:21:00,Machine C,59.40506981245518,2.0082959275417065,4.978121334650793,1502.9952675721793,11.617636968049698
2026-01-05 11:22:00,Machine A,60.673146641444475,2.0531852738778666,4.93015635453586,1505.5179636775779,11.5365143499585
2026-01-05 11:22:00,Machine B,61.09878019234644,1.961842761153883,5.045907311260391,1498.7938939582295,11.933789893705583
2026-01-05 11:22:00,Machine C,60.405682430866115,2.2428102241572714,5.0504025131430295,1492.8732560525311,11.799227483276496
2026-01-05 11:23:00,Machine A,59.53309542943328,2.2184183895177045,5.026253602043103,1503.9588345791276,11.93862633748794
2026-01-05 11:23:00,Machine B,59.77847202511872,2.1556803829318563,4.992801394538944,1490.4199826551342,12.11996535509213
2026-01-05 11:23:00,Machine C,59.72768408498749,2.0032702956255237,5.0867536981257135,1518.5593369291628,12.176756992252391
2026-01-05 11:24:00,Machine A,60.829396467537876,2.071693596994607,4.968372198182635,1522.4668161076374,11.990464463677226
2026-01-05 11:24:00,Machine B,60.3109109296707,2.2656866079373295,5.0014875372329435,1496.8319460927864,11.766449616480315
2026-01-05 11:24:00,Machine C,59.94311486436601,2.0012398176165913,5.0778447300048715,1513.8586237287082,11.993683050157374
2026-01-05 11:25:00,Machine A,59.78044096377171,2.0115836127345985,4.911894099376373,1492.2484184172747,11.709072375494012
2026-01-05 11:25:00,Machine B,59.77475990161486,2.128455470569097,4.9638332670233885,1500.7820287963707,12.384180164417204
2026-01-05 11:25:00,Machine C,59.06068366351894,2.2216084897933497,4.976139668552757,1512.606403798878,11.975363940848219
2026-01-05 11:26:00,Machine A,59.72853579629237,2.1873525148609483,4.962050756800345,1509.3352106403306,11.921958941166693
2026-01-05 11:26:00,Machine B,60.029985584823955,2.014024503864659,5.01237784923444,1500.530254019515,11.891969289185505
2026-01-05 11:26:00,Machine C,59.63018576804093,2.0896993139416264,4.949722402955254,1528.148796467532,12.211823732041637
2026-01-05 11:27:00,Machine A,58.812448513989736,1.8953856209732796,4.980035446912504,1483.4572302767747,11.952678895110335
2026-01-05 11:27:00,Machine B,59.317041609434874,2.131970454892806,5.000719484657612,1504.170111719197,11.89604560984928
2026-01-05 11:27:00,Machine C,61.06450933410226,2.0367689077054223,5.037141366997778,1499.2839782332737,11.934451516666646
2026-01-05 11:28:00,Machine A,58.4028207977056,1.8549705501460554,5.063621108014202,1514.7631014945564,12.37746818925119
2026-01-05 11:28:00,Machine B,59.7482496944094,2.100913961228905,4.949648088785745,1519.7828966756865,12.447900575928747
2026-01-05 11:28:00,Machine C,59.22301981291534,2.2237147116924842,5.003815340542452,1496.5300272190727,12.096234817734908
2026-01-05 11:29:00,Machine A,59.1345198894926,2.186966975140195,4.994779447943216,1513.9056103276082,11.959772764431676
2026-01-05 11:29:00,Machine B,60.455854183810885,2.029932803678153,4.9756788813400386,1500.0125662329904,12.024244836737871
2026-01-05 11:29:00,Machine C,60.47713813118623,2.069732957238088,4.988763412289334,1501.9488726101126,11.9748079134906
2026-01-05 11:30:00,Machine A,60.596443902003536,2.015905924218633,4.981275905525709,1483.420424112779,12.18827639009807
2026-01-05 11:30:00,Machine B,60.05535936008591,2.003711982808364,4.94832522342698,1482.4783976417787,11.78664415248852
2026-01-05 11:30:00,Machine C,60.279735073590885,2.0330958864035265,5.037976687288161,1487.6870159888242,12.007845585552351
2026-01-05 11:31:00,Machine A,60.3782551727881,2.0525676788536584,5.034252448182525,1525.6580936458224,11.67407278190314
2026-01-05 11:31:00,Machine B,59.74974706371483,2.0733794641336103,4.934788386720338,1516.8474726426002,11.715478280304676
2026-01-05 11:31:00,Machine C,59.98188908571249,2.0216484666477785,4.932566217181302,1497.2400096476665,11.848594086829907
2026-01-05 11:32:00,Machine A,60.48782144213257,2.1092439618531573,5.009491819717624,1517.2929213388802,11.912440900325628
2026-01-05 11:32:00,Machine B,59.88448405828605,2.092722808416694,4.958465113169911,1475.7229769636033,11.887814199824192
2026-01-05 11:32:00,Machine C,60.71973268189549,2.256438923517103,5.037966688572923,1516.5902477088987,12.153354858452625
2026-01-05 11:33:00,Machine A,60.57069910246736,2.156510411713967,4.989738391403131,1499.5039526284331,11.932432533729948
2026-01-05 11:33:00,Machine B,59.88533627413205,1.9115864091857362,5.086154494738626,1497.3543050089643,12.091116087467315
2026-01-05 11:33:00,Machine C,60.866606221256056,2.0006609750278908,5.119868829479885,1513.0453223818652,12.041840498497328
2026-01-05 11:34:00,Machine A,59.8268310727383,2.2155400317121905,4.9066469909552515,1506.7254932995056,12.10643523196903
2026-01-05 11:34:00,Machine B,60.96577863421898,2.0552423405480877,4.977649527004408,1485.3359473564824,11.782429592506615
2026-01-05 11:34:00,Machine C,60.44417060019175,2.0469627162424198,4.939348309707568,1493.6662902436813,12.067341438351262
2026-01-05 11:35:00,Machine A,60.41772447710165,2.186593716129356,4.984495234570528,1487.469335813086,12.015218895784503
2026-01-05 11:35:00,Machine B,59.46563502179545,2.0424650483229647,4.989608890563981,1490.8675931564785,12.14140814501938
2026-01-05 11:35:00,Machine C,59.799666713093124,2.0859477756688114,4.9272678063570945,1492.7190138882293,11.919791236516183
2026-01-05 11:36:00,Machine A,59.603052669345864,2.218226904000662,5.024410231986678,1490.3146377523042,12.018902298673515
2026-01-05 11:36:00,Machine B,59.63977054265019,2.1613870958176458,5.002092723789124,1517.8987981973853,12.258178290527882
2026-01-05 11:36:00,Machine C,60.303963545807676,2.085563997829827,5.0840153552989165,1500.9416409381242,11.918871473497433
2026-01-05 11:37:00,Machine A,60.33393547685599,2.03439910378884,5.054907412609388,1484.4847793519812,12.02544828979465
2026-01-05 11:37:00,Machine B,61.210959326275315,2.065977184224151,5.007054769108107,1506.8573907061962,12.14522581122311
2026-01-05 11:37:00,Machine C,60.311442427753086,2.2408704912025845,5.0261163771427295,1523.5756262385971,12.180215768047532
2026-01-05 11:38:00,Machine A,59.65539353491367,2.2196435212161387,5.0013396721559715,1512.733083091231,11.862304217826841
2026-01-05 11:38:00,Machine B,60.94740186695393,2.135093453393361,5.046797132065079,1474.0310775423231,11.982885464042274
2026-01-05 11:38:00,Machine C,60.57669432823071,2.0707276603890037,5.002439355251732,1514.1747211729798,11.544262199310928
2026-01-05 11:39:00,Machine A,59.45260912526783,2.1269235379420786,5.061372564840433,1512.4697259778102,11.972977393818674
2026-01-05 11:39:00,Machine B,59.9475772377041,2.0445535558409436,4.968238298443883,1510.0542401864177,11.991570637257462
2026-01-05 11:39:00,Machine C,60.49909887125783,2.0562577262188624,5.016519387782799,1514.8764828848296,11.738215104629303
2026-01-05 11:40:00,Machine A,60.227845725376774,2.199132799873635,4.93352740926688,1506.8375753844691,12.20630475499874
2026-01-05 11:40:00,Machine B,60.251069621390954,2.127585366231183,5.029117630368356,1506.7353663168146,11.80360553887687
2026-01-05 11:40:00,Machine C,60.111649736214176,1.9804675754760268,4.994262714699995,1502.3328705232868,11.771079952442637
2026-01-05 11:41:00,Machine A,60.36437533499187,2.113276425192164,4.917710841759288,1504.2175783389837,11.988698210521942
2026-01-05 11:41:00,Machine B,59.519112359554185,2.0383324298833756,4.97309148917258,1500.2259011589726,12.029591693084958
2026-01-05 11:41:00,Machine C,59.789158039196714,2.3006179828405546,4.96146374242509,1493.3043358974458,12.65877082167363
2026-01-05 11:42:00,Machine A,60.505612322386355,2.0271968888639083,5.045453075390255,1497.4684526475519,11.912040830102118
2026-01-05 11:42:00,Machine B,60.583793662469525,2.134793574361596,4.977777773810345,1507.3362530430984,12.241843078536892
2026-01-05 11:42:00,Machine C,60.51029232192114,2.116958603981729,5.012574326550891,1501.6468455476115,11.749752242881002
2026-01-05 11:43:00,Machine A,59.75034892724008,2.127014161496376,5.001065374517755,1509.2843026931853,12.132622476213147
2026-01-05 11:43:00,Machine B,61.0744336432087,2.0886487201143087,4.995955677315243,1495.8897498156073,11.902317668786893
2026-01-05 11:43:00,Machine C,60.2666360421466,2.0913999876455422,5.030955899250688,1500.8855637812326,11.96195541633538
2026-01-05 11:44:00,Machine A,60.15135855840206,2.116337674049731,5.030146801062896,1492.5703565102926,12.142027270575309
2026-01-05 11:44:00,Machine B,59.682644964512555,2.014235858210106,5.050783114169283,1488.3713702857224,11.860216732518666
2026-01-05 11:44:00,Machine C,59.88711438891714,2.019037679926677,5.041647560381135,1510.1608349302928,12.14778918082469
2026-01-05 11:45:00,Machine A,59.68537399983721,2.0348024554667186,5.064495276338084,1509.1776512607191,11.861339154559914
2026-01-05 11:45:00,Machine B,59.32307357657655,2.1142121101297042,4.97922536678804,1488.569560004452,11.704173489171648
2026-01-05 11:45:00,Machine C,59.94894301774505,2.029975935187015,5.032536971382862,1499.2134414986044,12.11537706211973
2026-01-05 11:46:00,Machine A,60.068470542683166,1.9989860390385343,5.026971926031832,1488.7542095218423,12.18364650530669
2026-01-05 11:46:00,Machine B,59.32642608684701,2.0457784239416945,5.019046747342428,1514.045965121121,12.333321781662985
2026-01-05 11:46:00,Machine C,59.82620127010474,2.187901409789038,4.952890950152034,1505.042406082359,11.531661391828711
2026-01-05 11:47:00,Machine A,59.212536688679684,2.134155968863135,5.045322906040618,1493.9841576873807,11.806209408865161
2026-01-05 11:47:00,Machine B,59.93927186519045,2.1081672499910464,4.984699493845159,1520.092310882242,11.856119236062606
2026-01-05 11:47:00,Machine C,60.04366654196493,2.1946484326838456,5.056567857612666,1494.9569052275972,12.11101394401427
2026-01-05 11:48:00,Machine A,60.36956996228884,2.24899937376419,5.0235850332531315,1506.796276548848,12.134430995640141
2026-01-05 11:48:00,Machine B,59.389944255096886,2.0528090447441762,5.1080970890594255,1496.9608606840943,11.851965179141155
2026-01-05 11:48:00,Machine C,59.731548513486196,2.1999241734388932,5.002138378265398,1481.2608354584816,12.108797922864523
2026-01-05 11:49:00,Machine A,59.63628783141952,2.1840980778980743,5.088784901618285,1489.788681314261,11.961357395848362
2026-01-05 11:49:00,Machine B,60.162176968024696,2.0820063769995207,4.987746621420332,1500.5872607124973,12.014252943115713
2026-01-05 11:49:00,Machine C,59.66689696539015,2.0905129928940136,4.99776211793821,1494.7338079206406,12.064787928417203
2026-01-05 11:50:00,Machine A,59.83204330427829,2.031510785037552,5.081459900740445,1500.2263421606995,12.035353935645182
2026-01-05 11:50:00,Machine B,59.27084792141836,2.0864146371123944,4.953149578570212,1496.671156982926,11.4880166867395
2026-01-05 11:50:00,Machine C,60.498238649464525,2.205523146873219,5.069386063483546,1508.0758490899736,11.909426262924173
2026-01-05 11:51:00,Machine A,60.03874078463243,2.2995218253105527,4.981745101199462,1523.6747502573658,11.968641641860849
2026-01-05 11:51:00,Machine B,59.38623004309157,2.061200153736731,4.9483510387150735,1485.2406661409013,12.13341337010499
2026-01-05 11:51:00,Machine C,60.33374348098397,1.951409053302807,5.064338300197853,1495.810870039921,12.106480261247572
2026-01-05 11:52:00,Machine A,59.93708556733018,1.9301090032765655,5.002856380672678,1502.4084822979391,11.793147828171977
2026-01-05 11:52:00,Machine B,59.19434763043049,2.1537187916007428,4.97181374245511,1495.123449423155,11.907484230542583
2026-01-05 11:52:00,Machine C,60.047459892327495,2.0647491076490883,5.023143341112745,1516.1918165814081,12.1295721634973
2026-01-05 11:53:00,Machine A,59.1718544140133,2.029910493464069,4.989750630320044,1491.2896314900813,11.7870925950488
2026-01-05 11:53:00,Machine B,59.84608466559444,2.094445890654489,4.9603473111934715,1500.9471025521987,11.913233271818324
2026-01-05 11:53:00,Machine C,60.41779852884103,2.1162571009835753,4.929896448037797,1498.912101891154,11.752875180134263
2026-01-05 11:54:00,Machine A,60.22917782009088,1.992611653002704,5.000735091263972,1506.8689869907582,12.1815191138618
2026-01-05 11:54:00,Machine B,60.110488183746945,2.2237701023634218,4.925933496962493,1489.0667694591475,12.560892498547217
2026-01-05 11:54:00,Machine C,59.6504699139911,1.878490142282851,5.012046035622808,1509.7174171233387,11.81766752476625
2026-01-05 11:55:00,Machine A,58.94987072109236,1.9942743030240364,4.988594240914218,1490.9719819503982,11.941226620505283
2026-01-05 11:55:00,Machine B,59.91046014889201,2.1439352395386426,5.010019975024014,1502.4802808699524,11.710738529093977
2026-01-05 11:55:00,Machine C,59.90004101541023,2.183861150111265,4.964028222174155,1516.214211941508,12.28889505987462
2026-01-05 11:56:00,Machine A,58.68822405262384,2.1863067931407953,5.005569253066554,1491.0576303501425,12.23471246875112
2026-01-05 11:56:00,Machine B,60.314934218590196,2.0109117734708097,4.994525954519647,1513.0696462069604,12.042222148724226
2026-01-05 11:56:00,Machine C,60.00464300065297,1.913060689891409,4.944711385239235,1509.1600093486138,11.689949715942943
2026-01-05 11:57:00,Machine A,60.881742417456906,2.053998424283647,4.967825614545844,1499.370650802054,12.07018259396202
2026-01-05 11:57:00,Machine B,59.52051370018292,2.1096128746703235,5.022260635512351,1495.1972062811296,12.167941987311993
2026-01-05 11:57:00,Machine C,60.1164624648293,2.130112365718978,4.968380412157532,1492.4307395377052,12.244879295985756
2026-01-05 11:58:00,Machine A,60.108518054792896,1.910097915717166,4.971302991815029,1511.532332119439,11.974970882257768
2026-01-05 11:58:00,Machine B,59.76464782911831,2.127061777906177,5.023264493769917,1511.5482685360123,11.957948449645315
2026-01-05 11:58:00,Machine C,59.87728707649608,1.9990739950081762,4.9076064940097295,1486.9778475586731,12.301736981560794
2026-01-05 11:59:00,Machine A,59.69190224928116,1.9567559184438483,5.046805656246486,1473.9336223217329,11.889041464641668
2026-01-05 11:59:00,Machine B,60.138293786057915,2.0418824316376907,4.908101925847252,1490.3868804919748,11.850248402476067
2026-01-05 11:59:00,Machine C,59.27183833311651,2.1240783419550526,5.007914851860896,1511.52546092966,11.973373625652613
2026-01-05 12:00:00,Machine A,60.26063551595088,1.979764713020221,4.868086096185444,1504.5305622427902,12.086236625207846
2026-01-05 12:00:00,Machine B,60.89383335132622,2.0632097747410385,5.021043950983619,1507.135634700049,12.343748031949822
2026-01-05 12:00:00,Machine C,59.101112769350806,2.224189360532998,5.021070545352427,1505.4367332707316,12.623340848264784
2026-01-05 12:01:00,Machine A,59.88245785500421,2.022017407292108,4.9802065802708615,1495.1689247669447,11.88259512178659
2026-01-05 12:01:00,Machine B,60.17930882666304,2.081962237223981,5.037881891475787,1505.6528072981928,12.05513814654841
2026-01-05 12:01:00,Machine C,60.402132874194955,2.160248984070222,5.00813593675164,1497.3552660780467,12.306079560290781
2026-01-05 12:02:00,Machine A,60.24834504644344,2.051235371818909,4.959608880734425,1495.7537757495618,11.901556629364878
2026-01-05 12:02:00,Machine B,60.159733790780734,2.201275486731888,5.027719566758682,1468.805586019557,12.128260742951465
2026-01-05 12:02:00,Machine C,59.991518844473624,2.0845849899130537,4.994888213601893,1499.7309083007626,12.26888099441805
2026-01-05 12:03:00,Machine A,60.5639435195074,2.1533636438066925,4.910669058993516,1513.3995918739392,11.908419741172882
2026-01-05 12:03:00,Machine B,59.28895557401805,2.258111098946496,4.952150846658094,1513.753279668621,12.023684064287304
2026-01-05 12:03:00,Machine C,59.219343302081214,2.0988996496312615,4.945862984305202,1495.2546744682322,12.185059912793916
2026-01-05 12:04:00,Machine A,60.51089287614832,2.099432019047269,4.972890736579533,1508.960115646907,11.966558632604599
2026-01-05 12:04:00,Machine B,59.98962753426541,2.093489183641423,4.97974474141347,1514.159588873491,11.895024298371592
2026-01-05 12:04:00,Machine C,60.79606476027288,2.1665705729165694,4.987249217367007,1516.4790616996856,12.149588445764376
2026-01-05 12:05:00,Machine A,60.19759063916726,2.0334490440268946,5.000225253275468,1503.7021603753594,11.662606752278291
2026-01-05 12:05:00,Machine B,60.616840811976196,1.9524402404951173,4.980924699014815,1494.2189442316248,12.19201419278432
2026-01-05 12:05:00,Machine C,60.39732802914383,2.0671821604648386,5.011982934827948,1495.7511742875665,12.171879218098084
2026-01-05 12:06:00,Machine A,60.27341395113295,2.1980605158978896,4.88990157019304,1516.493654591885,11.971972974314399
2026-01-05 12:06:00,Machine B,59.082368360515034,2.098423611532368,4.9967050981095555,1507.5984052165118,11.890102564487806
2026-01-05 12:06:00,Machine C,60.02016617214694,2.118461823596422,4.96054176503638,1510.8173604040244,11.875720645655193
2026-01-05 12:07:00,Machine A,60.64490410542157,2.0893762837647474,4.965274324846511,1511.1132930053825,12.428549707989749
2026-01-05 12:07:00,Machine B,60.621646770344874,2.0515488198673335,5.001331709023812,1484.609464443552,11.959011546727673
2026-01-05 12:07:00,Machine C,59.5500629811718,2.0770322553443545,5.026611634313245,1498.5660970747201,11.627125360448924
2026-01-05 12:08:00,Machine A,60.14643613558906,2.1402653891243353,5.012827411092708,1490.5511472804073,12.049370785826243
2026-01-05 12:08:00,Machine B,60.44515795182536,2.165442220297902,5.047444774054175,1492.6998167996105,12.235872462538616
2026-01-05 12:08:00,Machine C,59.69345240294,2.0820814269003383,4.87894110713054,1496.377041426997,12.018217993357005
2026-01-05 12:09:00,Machine A,59.30252034880483,2.054913501031686,4.954756369500707,1493.2346762520544,12.206282612588142
2026-01-05 12:09:00,Machine B,59.566195474366076,2.007429708112487,5.065314269325965,1513.4520528829955,11.978803640002242
2026-01-05 12:09:00,Machine C,60.10237767023076,2.14394703347572,4.896692759748943,1496.1442810735455,12.323659177911477
2026-01-05 12:10:00,Machine A,60.38942767737341,2.0132576319331714,4.985366435332407,1498.4556691374635,11.809497686381299
2026-01-05 12:10:00,Machine B,59.41358362818423,2.1862748861126944,4.978175776081749,1499.6923280414019,12.112368883647715
2026-01-05 12:10:00,Machine C,58.77214218027097,2.1351765910731713,4.876573493771418,1497.2778392796185,12.170848597063697
2026-01-05 12:11:00,Machine A,59.29820136234389,2.0449062367741893,5.009310793117907,1475.6168017194755,11.997355284830288
2026-01-05 12:11:00,Machine B,60.315192580831834,2.1178979326660965,4.9729172870300555,1476.7657276768862,12.026682616314165
2026-01-05 12:11:00,Machine C,60.28747453077785,2.213386670674748,4.998096993827899,1506.6487780373504,11.711104131769423
2026-01-05 12:12:00,Machine A,60.73753654837571,2.0567633219176997,4.987918119141882,1512.7057736055935,11.98159324152107
2026-01-05 12:12:00,Machine B,59.35284434199796,2.094823993476038,5.017334407801281,1503.2114101083735,11.96205125919872
2026-01-05 12:12:00,Machine C,59.330439684845174,2.2720175371538183,4.989000454114331,1507.1631719138772,11.933069428463678
2026-01-05 12:13:00,Machine A,59.07009252720645,2.0871503087903385,4.9796496172840286,1514.0582941102173,11.760659976483097
2026-01-05 12:13:00,Machine B,60.865518236407084,2.0304473244116266,5.028114992236307,1511.6419376808717,11.970775417716919
2026-01-05 12:13:00,Machine C,60.51585843887765,1.9991524784960115,5.019601330552995,1501.3721893178472,12.075426496862205
2026-01-05 12:14:00,Machine A,59.414683092591154,2.157194170728032,4.96853276947178,1466.9982180959382,12.129751059576773
2026-01-05 12:14:00,Machine B,60.83569310959018,2.101340996580956,5.049788291583177,1501.8455721664345,12.31748586562823
2026-01-05 12:14:00,Machine C,60.40389696302488,2.0847670594391965,5.057610949832633,1494.8155255258707,12.413874230325778
2026-01-05 12:15:00,Machine A,60.33156070821277,2.195333714849971,4.940640130051632,1484.2559998250665,12.251283782771527
2026-01-05 12:15:00,Machine B,60.006673981728696,1.9091166822108745,4.99047188427715,1490.9634391296813,12.183614326723017
2026-01-05 12:15:00,Machine C,60.23727518927949,1.9802122601023786,5.029532153999844,1507.5527753462807,12.249038530753745
2026-01-05 12:16:00,Machine A,59.76691390462907,2.0406186690273884,5.008625359419254,1500.1608222986165,11.953183585383972
2026-01-05 12:16:00,Machine B,59.37532711956444,2.0180619783121565,4.981983620628701,1485.256917409058,11.990285702240145
2026-01-05 12:16:00,Machine C,60.524259752433714,2.095239957737061,5.05313236820159,1497.6594017855468,11.995161022353729
2026-01-05 12:17:00,Machine A,60.427338783679225,2.067093261418376,5.025920598126733,1490.2470364674512,12.151810113104442
2026-01-05 12:17:00,Machine B,60.0365859254602,2.221676298671285,4.942296613687289,1482.2858787202576,11.876756550804886
2026-01-05 12:17:00,Machine C,60.372930456275924,2.0996656965269875,4.976015951164787,1495.3564488323348,11.880552467134732
2026-01-05 12:18:00,Machine A,59.20671966115002,2.1636840493989062,4.989212218832609,1524.4652842658147,11.894758872241173
2026-01-05 12:18:00,Machine B,59.6871985006788,2.0405663385672774,5.037068326546545,1506.8987030149672,11.717877979857814
2026-01-05 12:18:00,Machine C,60.35723211238728,2.0790538245491406,4.991892478951236,1479.7026708275778,11.780379529382135
2026-01-05 12:19:00,Machine A,60.07070164531058,2.1466774501305452,5.11348062846426,1499.759795639629,12.22308053261939
2026-01-05 12:19:00,Machine B,59.78861901197393,1.9721822625700607,5.000733658358455,1490.634550505896,11.609145722649084
2026-01-05 12:19:00,Machine C,59.01742841823348,2.1718537432405833,4.963569281873036,1513.081992404288,11.85332113306439
2026-01-05 12:20:00,Machine A,60.35593162842247,2.161478698987248,4.995512943063534,1506.343400658655,12.149125721384683
2026-01-05 12:20:00,Machine B,59.13282303106132,2.1479339325423994,5.002108684957058,1495.0366097717915,12.255553272718332
2026-01-05 12:20:00,Machine C,59.98663603281932,2.1254014542802318,4.980247794273486,1479.99512504972,11.972078020306844
2026-01-05 12:21:00,Machine A,59.88118008093666,1.9245968127036466,4.922916932770868,1524.6242354851595,11.781492803245577
2026-01-05 12:21:00,Machine B,59.89052645416328,2.1500166607679922,4.9589902776709565,1519.1065816291086,12.015145671613682
2026-01-05 12:21:00,Machine C,60.39523217221026,2.226303419187989,4.993435703118839,1520.756553488991,11.877680838324176
2026-01-05 12:22:00,Machine A,59.35885075639058,2.1171047763709865,5.0003682968925185,1489.761693884678,12.071600486838825
2026-01-05 12:22:00,Machine B,59.95885351856479,2.0927991792861107,4.981615018937684,1501.6780091401797,11.871217157527244
2026-01-05 12:22:00,Machine C,59.15440005272081,2.0532211138212433,4.9747128947711525,1524.4859209718945,11.7359730700045
2026-01-05 12:23:00,Machine A,60.20016138280473,2.1989074530088755,5.060791467987355,1494.5885180817586,12.038803489898799
2026-01-05 12:23:00,Machine B,59.52360634330085,2.0850894059231586,4.915731406759165,1504.8584674406288,11.660686260884878
2026-01-05 12:23:00,Machine C,59.49021537891847,2.192378568203613,5.029395897295681,1513.7904376520464,12.311945426500259
2026-01-05 12:24:00,Machine A,59.12069660629266,2.1596880267635923,4.9753331142700015,1488.8363982883282,12.122893973460888
2026-01-05 12:24:00,Machine B,60.12891593333688,2.110556584106339,5.0263433292849955,1503.6451689062062,12.108271167917197
2026-01-05 12:24:00,Machine C,59.02367531606974,2.0894981219930893,4.930807675307721,1503.3204242112586,12.32838603517074
2026-01-05 12:25:00,Machine A,60.453892028952986,1.9345821654586781,4.9738944758927905,1504.3741879112742,11.420601054868545
2026-01-05 12:25:00,Machine B,60.60179814027043,2.1299454581896082,5.044109881997159,1502.5812508130575,12.111078981488463
2026-01-05 12:25:00,Machine C,59.620577768150504,2.2010786675345853,5.07607797047511,1516.5589536083648,11.918378247664428
2026-01-05 12:26:00,Machine A,59.42773557638095,2.202157892860013,5.0271953601295705,1503.9430120982838,11.87327358301097
2026-01-05 12:26:00,Machine B,60.38043741364742,2.210310935968497,5.081552277195398,1508.5022886493177,11.723595690075776
2026-01-05 12:26:00,Machine C,59.47883304573463,2.095265474167183,5.070676217590049,1507.405607064883,12.49603126489702
2026-01-05 12:27:00,Machine A,60.7344752615011,2.0043297097382773,4.990161600559123,1499.2122414616852,12.207197894677185
2026-01-05 12:27:00,Machine B,59.758541473259,2.1972003215265556,5.201291202136363,1508.295385187075,12.019934441509367
2026-01-05 12:27:00,Machine C,59.87177385963162,2.0572319807786297,4.999196108273658,1521.3361929216874,12.249433383473846
2026-01-05 12:28:00,Machine A,60.802420585741444,2.096075658123091,4.913674978719882,1508.5491614219163,12.205137336846693
2026-01-05 12:28:00,Machine B,59.93372759321537,2.1587608729046894,4.974212670768791,1490.0142971763128,12.145433849936056
2026-01-05 12:28:00,Machine C,59.333090607015244,1.9918133584610882,5.03776345787852,1503.0302389238066,12.184491146647241
2026-01-05 12:29:00,Machine A,60.816431332524544,1.9781632988804425,5.062573035459031,1515.8460564897887,12.172017902853215
2026-01-05 12:29:00,Machine B,59.87396653620108,1.996396825853488,4.95191530006232,1507.7368114981086,12.129869822844832
2026-01-05 12:29:00,Machine C,60.272581983443885,2.2207909003661683,5.028456822093376,1512.7029726448125,12.095415518186043
2026-01-05 12:30:00,Machine A,59.92695332573345,2.0968813785417977,4.987812502653236,1505.3266395638007,12.12687593089915
2026-01-05 12:30:00,Machine B,59.55856195209292,2.187774885932499,5.0174866408306915,1487.7766336992072,11.961262491670075
2026-01-05 12:30:00,Machine C,59.880972034440845,2.054042643971573,5.079230009490177,1486.1261505654948,12.141278590336468
2026-01-05 12:31:00,Machine A,59.98107673074134,2.0092745088461337,4.931896891170777,1495.0613796605098,11.862599853217219
2026-01-05 12:31:00,Machine B,59.93865174426859,2.138816955811624,4.938110189026879,1491.8130744464033,11.968065583435504
2026-01-05 12:31:00,Machine C,60.139347955634314,1.970912815043246,5.020909068079338,1506.5479646729277,11.974974394351053
2026-01-05 12:32:00,Machine A,59.358069651851245,2.1528617765132747,5.010002526453197,1507.2097265883572,12.341371584833466
2026-01-05 12:32:00,Machine B,60.66359536507677,2.0495120439964705,5.0081779005697635,1484.4829967038106,11.79334375453265
2026-01-05 12:32:00,Machine C,58.97856562638538,2.1397829894400533,4.959028551170086,1515.356256188054,11.929607114235099
2026-01-05 12:33:00,Machine A,59.45025899935276,2.20151561131465,5.000026510376655,1498.1798805228805,12.118360203786201
2026-01-05 12:33:00,Machine B,60.24501094766498,2.0120263433592953,4.944999492312527,1510.0410723746506,12.105012821996787
2026-01-05 12:33:00,Machine C,59.457761066432205,2.2421055438432465,5.045300521378531,1494.9498618479367,12.115238937868698
2026-01-05 12:34:00,Machine A,60.062917959565134,2.1361784599316733,4.995127043724327,1502.9761621285706,12.015667291990626
2026-01-05 12:34:00,Machine B,59.74424107639333,2.118555000690287,5.020540779459973,1502.380310007826,11.764280589999789
2026-01-05 12:34:00,Machine C,60.88300398040253,2.1121932369247003,4.97941657937615,1502.6920854653133,11.772635715497314
2026-01-05 12:35:00,Machine A,59.59832567207367,2.0866563627125703,4.973648188396819,1515.740039721802,11.959551982110588
2026-01-05 12:35:00,Machine B,59.555540037741274,2.1154967572908125,5.01372177846971,1481.3510541477526,12.050539297755522
2026-01-05 12:35:00,Machine C,60.02137782809434,2.1207335898360067,5.066867161283808,1485.8459110549786,11.931569532899916
2026-01-05 12:36:00,Machine A,60.27564333200525,2.320286177253867,5.030706776205835,1513.5712535550604,11.938585588229499
2026-01-05 12:36:00,Machine B,60.427176102806044,2.1325462283863343,5.020162568529944,1497.4278673584345,11.925239476237405
2026-01-05 12:36:00,Machine C,60.50443645690225,2.0195006680263017,5.038117127971573,1492.1913452309252,12.09378433036821
2026-01-05 12:37:00,Machine A,59.749155222611314,2.1142889472715827,5.030329657877972,1489.5124937985254,11.98542858891461
2026-01-05 12:37:00,Machine B,59.73616619911006,2.1889611678509437,4.9700724632619835,1506.7968945920593,12.062919000406229
2026-01-05 12:37:00,Machine C,59.15189207414539,2.150247346253213,4.974640417843458,1500.1004070390775,11.741144010074732
2026-01-05 12:38:00,Machine A,59.515820743186424,2.051426633108479,5.022731051178375,1505.7554198837634,11.513164140318299
2026-01-05 12:38:00,Machine B,60.41815119747178,2.088516764267039,4.907232324572388,1508.0966647350028,11.886962394353823
2026-01-05 12:38:00,Machine C,59.868719357842366,2.1190431503293103,4.961250180929538,1510.372667312147,11.762324192108466
2026-01-05 12:39:00,Machine A,60.979619751279905,2.2020383188619608,4.995772582088318,1513.9985604689664,11.980764700344775
2026-01-05 12:39:00,Machine B,60.6772946777535,2.097492871387565,4.938740787133442,1492.9655918810522,11.635770883022499
2026-01-05 12:39:00,Machine C,60.17209852208801,2.032504532177625,4.928664827750026,1502.8602611193428,11.933240122937594
2026-01-05 12:40:00,Machine A,59.545611212715706,1.9089886233207287,4.890782665883604,1521.578308919742,12.416719648819933
2026-01-05 12:40:00,Machine B,59.82093064470594,2.1698859361989093,4.974280549008897,1502.8516064045002,11.99744878990375
2026-01-05 12:40:00,Machine C,60.1759925230113,2.0218489490890046,5.022586467281176,1494.3410524842097,12.025473460929646
2026-01-05 12:41:00,Machine A,60.55188260411519,1.9566373715292937,4.97648184931797,1500.332263452913,12.384666135841291
2026-01-05 12:41:00,Machine B,60.874013310549756,2.0371983675786502,4.989358059478716,1503.9808678206664,12.036901710744557
2026-01-05 12:41:00,Machine C,60.796663737308535,2.0711993314152073,4.962973729437485,1497.2913216837644,11.76817938132648
2026-01-05 12:42:00,Machine A,59.596926660013516,2.13989267276968,4.942814211101285,1509.2460265662696,11.904332522301727
2026-01-05 12:42:00,Machine B,60.379145799934754,2.1143649899018326,5.037195093685725,1501.3193627057715,11.667320517531351
2026-01-05 12:42:00,Machine C,60.473709646412885,2.1552197181495085,4.961335175949433,1489.0224551378965,12.1310710202898
2026-01-05 12:43:00,Machine A,59.893079434282186,2.181872782195863,5.021165224210455,1503.4556999245697,11.925197760251946
2026-01-05 12:43:00,Machine B,59.967470724802006,2.1424939554947087,5.002318003812485,1501.495248512945,12.34468215138766
2026-01-05 12:43:00,Machine C,60.12867245276162,2.0438503597159228,4.991351422686752,1503.7127734505834,12.170122717913825
2026-01-05 12:44:00,Machine A,60.58618963840718,2.092898105649796,4.950650432216123,1516.036616849183,12.29265579934759
2026-01-05 12:44:00,Machine B,60.46046952524666,2.2116617722249803,5.036403426271586,1484.067740670737,12.401961549794226
2026-01-05 12:44:00,Machine C,59.38222495658555,2.1403850744323267,4.986086998081621,1503.9599442479876,12.148681368255653
2026-01-05 12:45:00,Machine A,60.23149108072319,2.0573289715778422,5.00730478928662,1483.8800827564528,11.949563455105073
2026-01-05 12:45:00,Machine B,59.52698521747604,2.006538850454556,5.00078818448759,1506.732393564233,12.08103502803851
2026-01-05 12:45:00,Machine C,60.901413282765596,2.1164115749847223,4.918342603209069,1502.4384040572077,12.408791394242522
2026-01-05 12:46:00,Machine A,59.86419874018072,2.107670636742005,5.009712607657689,1513.679663832755,12.016956657280161
2026-01-05 12:46:00,Machine B,59.78991793561522,2.0464653613569115,4.909145648543992,1503.30937694311,12.410800057694368
2026-01-05 12:46:00,Machine C,59.752181204991324,2.0804533286981064,5.049232074416663,1524.1043236834778,12.297589587159363
2026-01-05 12:47:00,Machine A,60.125831348560396,2.03971941444574,4.927591623934867,1486.4784197068807,12.009960006904388
2026-01-05 12:47:00,Machine B,59.97760597257016,2.0745255740427244,4.941357557235796,1495.5578518725592,11.935809399856732
2026-01-05 12:47:00,Machine C,58.85825906274401,1.9411360807431224,5.000164289222455,1501.1535262727077,12.080843027203795
2026-01-05 12:48:00,Machine A,59.99561032038303,2.0646737491721603,5.0775535702327845,1496.1092730008977,11.989362969656584
2026-01-05 12:48:00,Machine B,60.33369411911946,2.1517047546709085,5.036570082185911,1503.473847184935,12.038768158882101
2026-01-05 12:48:00,Machine C,60.19531128170356,2.2622916669939674,5.060534095448178,1503.6470162666956,12.171165959621199
2026-01-05 12:49:00,Machine A,60.568709906510435,2.2189733754766556,4.961456691395231,1494.1969402869222,12.436275158775707
2026-01-05 12:49:00,Machine B,60.12411439036548,2.119694422586035,4.9847254556170055,1511.3106616981227,12.2715555100608
2026-01-05 12:49:00,Machine C,60.549047114624535,2.089636108977254,4.97533072657334,1512.1145058464328,12.220690640942502
2026-01-05 12:50:00,Machine A,59.27491512245746,2.0283615271617044,5.006208261606669,1500.376881450958,11.806624781653873
2026-01-05 12:50:00,Machine B,60.273035914147925,1.942588864264648,4.94942113852199,1477.644701426012,12.083804120771596
2026-01-05 12:50:00,Machine C,60.98371440944845,2.233874718501672,4.909704621541059,1503.5809152195716,11.80220574072391
2026-01-05 12:51:00,Machine A,60.736974694159876,2.147972709937629,4.964242953575856,1508.46040796892,11.551258333623664
2026-01-05 12:51:00,Machine B,60.046992415043356,2.0837737629072,4.992926445319005,1497.9033656387264,12.004481448197817
2026-01-05 12:51:00,Machine C,59.82938891003727,2.1321398623843826,5.041306177182638,1493.3276893113284,11.988119453865465
2026-01-05 12:52:00,Machine A,61.08282131775356,1.992867602020834,4.982731769439763,1488.5977200374878,12.437585399373875
2026-01-05 12:52:00,Machine B,59.77755075603605,2.1076482246315162,4.983577911054774,1498.4053583445311,11.294158009395252
2026-01-05 12:52:00,Machine C,60.623141278447434,2.204724875862352,4.99061459693041,1509.7947489800874,11.779686243911039
2026-01-05 12:53:00,Machine A,59.28918151912197,2.085152905743676,5.070023622359889,1502.17206644077,12.299297629535676
2026-01-05 12:53:00,Machine B,59.60870397765783,2.1180262937191365,5.010834141432971,1507.93790080709,12.050148123982266
2026-01-05 12:53:00,Machine C,61.038993956595235,2.0532957262195106,4.908238396177748,1505.9918348202455,11.93376392118957
2026-01-05 12:54:00,Machine A,59.72616454210464,2.0784918422925065,4.99499402415317,1517.63704725582,12.006013920822717
2026-01-05 12:54:00,Machine B,60.08353795299576,2.0096457599447217,4.921884825653792,1507.626431891208,12.136899680573729
2026-01-05 12:54:00,Machine C,60.1128729865173,2.1481935508775267,5.03023749519699,1468.7305369496733,11.95190020830352
2026-01-05 12:55:00,Machine A,60.021721583555895,2.1600559985342462,5.004046261662608,1518.0950330068183,12.225397250456224
2026-01-05 12:55:00,Machine B,58.28980553687918,2.073879824248758,4.932336555364474,1502.6547545040075,12.030574142224001
2026-01-05 12:55:00,Machine C,59.98423834219682,2.2824333049538557,5.011622572260995,1484.2774032754005,11.887585624977977
2026-01-05 12:56:00,Machine A,59.43165005986242,2.0761619293752482,4.991947985960196,1494.6225503081334,12.162283076335944
2026-01-05 12:56:00,Machine B,59.80138489133328,2.1962022054118324,4.931800145701148,1483.3393883881217,11.757239662781757
2026-01-05 12:56:00,Machine C,59.63871475161622,2.0618645276028453,4.989199102234533,1506.8739374806519,11.904474939329086
2026-01-05 12:57:00,Machine A,59.65696733329373,2.1941969402348267,5.0045463004239235,1491.121745877025,12.247228794545787
2026-01-05 12:57:00,Machine B,60.842164186740064,2.1044809301099736,4.925072523631416,1527.474007384149,12.077455211252909
2026-01-05 12:57:00,Machine C,60.42138167221281,2.2048750679909155,4.966882610566005,1503.8216809532928,11.762825953951012
2026-01-05 12:58:00,Machine A,60.16860555329209,2.0882920220927623,4.987450558970582,1489.5812259118234,12.158086042936846
2026-01-05 12:58:00,Machine B,60.332124302982656,2.1345746899728195,5.0004048905674425,1481.6808511996235,11.739680529777882
2026-01-05 12:58:00,Machine C,60.84481843794337,2.129416258334377,4.998501947580044,1473.717170168786,11.63522582899592
2026-01-05 12:59:00,Machine A,59.58081348247615,2.169103841152995,4.976004879616252,1500.6628711114663,12.242936769778586
2026-01-05 12:59:00,Machine B,60.850842332474855,2.1036446256890877,5.054560254529308,1491.7770132793837,12.281334841792194
2026-01-05 12:59:00,Machine C,60.078977586857505,2.05956200144028,4.9999158594752515,1494.6889171441276,12.191909212528957
2026-01-05 13:00:00,Machine A,58.99234575900643,1.961862547814366,5.030898537877697,1486.1819482635187,12.060017155167714
2026-01-05 13:00:00,Machine B,60.26304312202942,2.112664282967242,4.8645135128609525,1496.116497109818,12.085020626812685
2026-01-05 13:00:00,Machine C,59.182109691848844,2.072021976054978,4.9216942593146005,1518.238620901321,12.20257124162971
2026-01-05 13:01:00,Machine A,60.82837866020969,2.196906015580811,5.057902234832806,1505.4801583173871,11.930154340097168
2026-01-05 13:01:00,Machine B,59.88561751824482,2.071900086493261,5.056665663477911,1519.9693933052354,11.850120843817047
2026-01-05 13:01:00,Machine C,60.29195939864917,2.0582106912606966,5.094176031517202,1505.065143186542,12.10627668169411
2026-01-05 13:02:00,Machine A,59.94694087413463,1.9997342216782699,4.991382476387321,1482.1328697127756,12.149569870838635
2026-01-05 13:02:00,Machine B,59.93974577530929,2.160917313215119,4.943210195655505,1502.4500144094302,12.139901961291748
2026-01-05 13:02:00,Machine C,58.99556252204306,2.0905924412918773,4.941830444795238,1517.1749589514802,11.76857578916953
2026-01-05 13:03:00,Machine A,59.75177821198751,1.9796315817068855,5.026290759957742,1476.102011250604,11.792751805483375
2026-01-05 13:03:00,Machine B,60.777281020207894,2.188222579786206,4.9923363104768885,1470.872301062458,12.078170604243711
2026-01-05 13:03:00,Machine C,60.27776940584623,2.004839778852924,4.973734649818579,1523.205772784948,11.716654093067174
2026-01-05 13:04:00,Machine A,59.74130445311668,2.0054595902236305,5.076398558936151,1505.5326717377416,11.923639767124564
2026-01-05 13:04:00,Machine B,59.98532890875204,2.2117862449975596,5.044681677230472,1493.7491812600413,11.897411777002043
2026-01-05 13:04:00,Machine C,58.873850414327556,2.1439824208785754,4.993939259763819,1487.6001220447379,12.052349218943439
2026-01-05 13:05:00,Machine A,59.52091576033802,2.0600166988675204,4.996426075316901,1487.813200057134,12.31463580577466
2026-01-05 13:05:00,Machine B,59.90395201855319,2.0560968030162314,5.087920780724652,1493.063283121512,11.964341595602175
2026-01-05 13:05:00,Machine C,60.42677681087619,2.1466677652931683,5.063466265901892,1510.6805340361218,12.259995670575513
2026-01-05 13:06:00,Machine A,61.265991248450014,1.9778643507582427,4.92867434605631,1506.781536486106,12.32499720963547
2026-01-05 13:06:00,Machine B,58.802518363516825,2.060036403025509,4.906302609642837,1509.364931498744,11.690553734682197
2026-01-05 13:06:00,Machine C,60.637094611210635,2.0872825513416626,5.028508625205426,1506.4534580024772,11.956914628111505
2026-01-05 13:07:00,Machine A,60.36785741446505,2.171521952247221,5.015603321203945,1485.978001038248,12.138068032273836
2026-01-05 13:07:00,Machine B,59.823218497683776,2.0447794257287697,5.044442188942721,1482.9826231970399,11.801302813038717
2026-01-05 13:07:00,Machine C,60.63256832945571,1.968732735740222,5.0675673544376245,1516.1930426038043,11.765198334795471
2026-01-05 13:08:00,Machine A,60.673454645579895,2.227300957584016,4.956458636781938,1521.0237492559556,11.55441352083666
2026-01-05 13:08:00,Machine B,60.69140221495458,2.2038641972751827,5.047711182771669,1483.7933994150492,12.172523806359784
2026-01-05 13:08:00,Machine C,58.759791702718985,2.183039143201662,4.9909950349510375,1484.5778148905415,11.958365614258247
2026-01-05 13:09:00,Machine A,59.068808308124346,2.250844552285129,5.050210898449395,1495.9754705799185,11.940981068819543
2026-01-05 13:09:00,Machine B,60.19360586192218,1.9935414050511389,4.996473289157742,1485.9771420017178,11.776383203534657
2026-01-05 13:09:00,Machine C,60.1244438912407,1.9390896111134943,4.970149912073947,1505.534545424452,12.0388272531895
2026-01-05 13:10:00,Machine A,60.21993528212981,2.202700959855896,4.967238444053083,1473.095175358372,11.800645849638968
2026-01-05 13:10:00,Machine B,58.36995804696281,2.06413148319419,5.0712897736788625,1500.0865495540036,12.179263363235284
2026-01-05 13:10:00,Machine C,60.86234547470714,2.10809722926058,5.005163718110457,1486.582166062716,12.020156345790046
2026-01-05 13:11:00,Machine A,61.636698425920905,2.1387152842932267,4.9682526807269225,1469.5961000340642,11.663107177091533
2026-01-05 13:11:00,Machine B,59.77749907098809,2.1524260779663345,5.07411448996809,1497.604956946034,11.919066626066794
2026-01-05 13:11:00,Machine C,59.65570847802422,2.13295040940271,5.0092645758917245,1525.579263678703,12.087769763327087
2026-01-05 13:12:00,Machine A,60.315094374018166,2.0421614922719153,5.019772663164828,1508.2621751773781,12.009973768800295
2026-01-05 13:12:00,Machine B,60.70634719969746,2.161142895389601,5.088168040886503,1482.7563684303693,12.274056623598115
2026-01-05 13:12:00,Machine C,60.336835466437,2.198657613240858,4.942321168415902,1493.8494614678673,12.019506414500261
2026-01-05 13:13:00,Machine A,62.061556569590714,2.1335456566820703,4.963240178091884,1484.4419000323321,11.93494921728288
2026-01-05 13:13:00,Machine B,60.27121298147053,2.0629465436380037,5.099247750689189,1491.1746321691212,11.976113786420365
2026-01-05 13:13:00,Machine C,60.76654591292592,2.1342797183194593,5.0525456350394,1492.0187019356647,12.183616392070077
2026-01-05 13:14:00,Machine A,58.99893840466287,2.0274253507519147,5.041157048468365,1468.1836262414233,12.09840123475767
2026-01-05 13:14:00,Machine B,59.741885999932855,2.0140690122208076,4.97392264401343,1494.0891779764588,11.863431745106896
2026-01-05 13:14:00,Machine C,59.830137410606326,2.249930551988885,4.98029074284415,1504.1298025943022,11.88462340670474
2026-01-05 13:15:00,Machine A,59.05718025131334,2.00344013762776,5.009184841738003,1512.914083863415,11.642667094620897
2026-01-05 13:15:00,Machine B,59.84143374351987,2.186061559496572,4.977655879919602,1499.4297963336037,12.291045679278463
2026-01-05 13:15:00,Machine C,60.09534917150143,2.033796079087817,5.0210241006368,1506.1840818488731,11.726568059900309
2026-01-05 13:16:00,Machine A,60.326806438303265,2.1665077640815307,5.02387248020623,1496.361679759443,12.1866660041728
2026-01-05 13:16:00,Machine B,58.08282798926352,2.0943887238610275,4.958922678025329,1504.7730537129041,11.605754521191127
2026-01-05 13:16:00,Machine C,59.382098312190614,2.132740539889029,4.972148870246598,1499.60630028264,12.119031601283371
2026-01-05 13:17:00,Machine A,59.51159382307275,2.063356891009628,5.031847768154348,1487.7449569982086,11.964386680671959
2026-01-05 13:17:00,Machine B,59.394430482450375,1.9518444518230311,5.026037130797982,1511.5695770818638,11.641565008500368
2026-01-05 13:17:00,Machine C,60.35754662805739,2.066666385705915,4.952825181512462,1500.9717369521998,12.049557011769377
2026-01-05 13:18:00,Machine A,59.35040896552635,2.1338150633047084,5.023542724720676,1502.40986550554,12.022198729014251
2026-01-05 13:18:00,Machine B,60.768861058473995,2.041278042462253,5.0554475286478215,1514.8004106009664,11.941389759319623
2026-01-05 13:18:00,Machine C,59.47363653531566,2.0700674724488635,5.056638115305333,1511.0767764225197,11.788391919724141
2026-01-05 13:19:00,Machine A,59.69543724655463,2.2886239778699777,5.0116831871702665,1499.2582537091635,12.238170208851617
2026-01-05 13:19:00,Machine B,58.99936056265021,2.063707676300355,5.052453520918863,1518.842372647076,11.845340857398801
2026-01-05 13:19:00,Machine C,59.62617966304937,2.0785137665795688,5.043820251236858,1493.4707738206318,11.606914849692863
2026-01-05 13:20:00,Machine A,58.88194611091627,2.0762271666162144,4.9303951741878,1519.6792680823871,12.433028518953135
2026-01-05 13:20:00,Machine B,59.36508173859476,2.1205406944030334,4.951979813400158,1496.2882127753458,12.360693865591161
2026-01-05 13:20:00,Machine C,59.434482439663384,2.191695150213189,4.836836664873799,1494.6864321416206,11.99082278117291
2026-01-05 13:21:00,Machine A,60.72121637038229,1.987036838969639,5.10467433268854,1482.9208941077577,12.257726136335169
2026-01-05 13:21:00,Machine B,59.754379842194496,2.097318976747175,5.0104208930931895,1488.9581477835418,11.953212008464321
2026-01-05 13:21:00,Machine C,59.50961297852526,2.008002029384365,4.978992254362474,1505.189698865621,12.024142070835593
2026-01-05 13:22:00,Machine A,60.281604579728516,2.1005136190819482,5.040783517118598,1508.597582451725,11.967001649972964
2026-01-05 13:22:00,Machine B,60.36820798761267,1.949689915830184,5.038841321932466,1499.7219186691666,11.902587592433783
2026-01-05 13:22:00,Machine C,60.7783822562883,2.358679493059881,5.0609935412075195,1493.216090569323,12.125956364857055
2026-01-05 13:23:00,Machine A,59.24352042166759,2.094937525686657,5.0403853801350715,1480.6583007887828,11.85582042646912
2026-01-05 13:23:00,Machine B,60.8497641723594,1.9870906036738927,5.117608246672472,1481.544090677165,11.594167256234348
2026-01-05 13:23:00,Machine C,59.97674660157307,2.094101849683627,4.990211289394629,1489.8910676136386,12.086531230515938
2026-01-05 13:24:00,Machine A,59.89177664848302,2.022828206170673,4.915614472407831,1497.9346868226196,11.746159085727475
2026-01-05 13:24:00,Machine B,58.933397963301964,2.212975470266633,5.007985819219777,1499.4738884277006,11.793046811889884
2026-01-05 13:24:00,Machine C,59.58834201435552,2.1159859757321273,4.915860727228031,1480.3760744214103,11.775962782939784
2026-01-05 13:25:00,Machine A,60.62938755933345,2.0264008118265138,5.028733392024067,1498.6335533712565,11.811390961051814
2026-01-05 13:25:00,Machine B,59.62252848351276,2.1033599269715273,4.99352348070313,1498.1557431777899,11.91748137001784
2026-01-05 13:25:00,Machine C,59.51837137576715,2.018373690588475,4.98796500779487,1508.8083185300661,12.037122701538197
2026-01-05 13:26:00,Machine A,60.38148795731326,1.908261138444221,5.039868249459974,1477.511810700836,11.716918418335403
2026-01-05 13:26:00,Machine B,61.00645161600856,2.156519020463771,5.017827118914773,1477.6526763838503,12.03135163257614
2026-01-05 13:26:00,Machine C,60.09288185398479,2.062311199244264,5.043464977298442,1476.768542788648,12.015002284469196
2026-01-05 13:27:00,Machine A,60.182775851687545,2.0106153709911947,5.008211606965623,1497.451941537489,11.867882626964622
2026-01-05 13:27:00,Machine B,59.539298092462076,2.100567558026049,4.986091168916696,1492.6646095551964,12.317968446780597
2026-01-05 13:27:00,Machine C,60.08751625849482,2.0178543890581193,4.97816141966107,1496.159070594741,11.750641218018023
2026-01-05 13:28:00,Machine A,59.786719999531556,2.0545024112701316,5.147954529532155,1492.0486181979118,11.586264609222834
2026-01-05 13:28:00,Machine B,60.80187161500988,2.045456224690172,5.0639474834817735,1508.8990799981104,11.962103973802781
2026-01-05 13:28:00,Machine C,60.52647349329219,2.131783565247602,4.9661595849100655,1497.9095154356842,12.396252690944385
2026-01-05 13:29:00,Machine A,60.52159525612957,2.143190798979939,5.013667887199885,1501.3043868001807,12.179478125064996
2026-01-05 13:29:00,Machine B,59.58374248467127,2.1308447044438776,4.9966496031765955,1496.300929063859,12.535755194993214
2026-01-05 13:29:00,Machine C,59.4823974334477,2.1104956391474716,5.128429375954509,1488.4515720621112,11.855225469034547
2026-01-05 13:30:00,Machine A,59.491669825421184,2.170724508075224,4.973273528196835,1507.848115681792,11.734162173639985
2026-01-05 13:30:00,Machine B,59.05889529717744,2.2214615130212363,4.92350982547525,1487.5477597479517,12.082723977094922
2026-01-05 13:30:00,Machine C,61.22397849604317,2.019869295747234,4.990187109625173,1497.4896897587275,12.142061830393315
2026-01-05 13:31:00,Machine A,59.804503669534014,2.081846205316655,5.037447974909928,1485.9801370216967,12.403622111351156
2026-01-05 13:31:00,Machine B,59.30400633618405,1.9961472790687507,4.956278579546119,1488.353721388029,11.917148595169033
2026-01-05 13:31:00,Machine C,59.41262098274176,2.155644193703537,4.960850805234081,1489.274214078577,11.921406227176547
2026-01-05 13:32:00,Machine A,59.940186282067515,1.9853564184025059,4.942864577006815,1484.6590807195246,12.261370244734469
2026-01-05 13:32:00,Machine B,59.483027694645486,2.0548502684939476,4.958735491188134,1489.3696654034316,12.092060206243236
2026-01-05 13:32:00,Machine C,60.7502158947102,2.204758427237338,5.033567848747406,1494.9280911539138,12.119558176905917
2026-01-05 13:33:00,Machine A,60.24256762982995,2.1209888286882412,5.006353633121475,1520.8831971283303,11.713249933232643
2026-01-05 13:33:00,Machine B,59.15631061451061,2.0398232214685557,4.917459636863821,1507.8438809470276,11.792341409930696
2026-01-05 13:33:00,Machine C,59.59678984286032,2.078551704558049,4.9348316695042,1495.3397146925856,12.514804725054674
2026-01-05 13:34:00,Machine A,59.63298717829097,2.0965893283474855,5.006502537609682,1494.971163514251,12.106011839154226
2026-01-05 13:34:00,Machine B,60.22211727423012,2.0065086597148483,5.036450862643127,1499.8286326512368,11.634418156256558
2026-01-05 13:34:00,Machine C,60.416017205793395,2.0801028536599526,5.092554210825341,1512.8557541324712,11.787861498753635
2026-01-05 13:35:00,Machine A,59.26724483830178,2.2460590469501676,4.999484267035992,1511.201025650198,11.942993817489883
2026-01-05 13:35:00,Machine B,60.663923591155466,2.124929980453968,4.947133307826166,1519.470169657037,11.941436900202737
2026-01-05 13:35:00,Machine C,60.3806397546968,2.108081011172951,5.004996282830095,1495.16610394667,11.884956431973443
2026-01-05 13:36:00,Machine A,60.38347066382001,2.0815174729300323,5.047446874715838,1499.0523098277902,11.89915471637527
2026-01-05 13:36:00,Machine B,60.139630985447546,1.9766254315578904,4.9486136520008115,1475.7757031194005,11.9649766094657
2026-01-05 13:36:00,Machine C,60.38615122765987,2.2881851117849914,5.020202792406005,1490.8174554649438,11.874486279452833
2026-01-05 13:37:00,Machine A,59.66514780011194,2.1788203127407595,5.05130781403861,1480.2372902154161,11.836366096419956
2026-01-05 13:37:00,Machine B,60.685845353103396,2.316157434741911,4.976716335185867,1495.0112554278955,12.117714003127542
2026-01-05 13:37:00,Machine C,59.75097713472987,1.8902676862476657,5.006161661507577,1497.8116684883664,12.25424621005138
2026-01-05 13:38:00,Machine A,59.84514067621229,1.93271337254907,4.939454108240018,1507.626071617836,11.950531912009268
2026-01-05 13:38:00,Machine B,59.85452316160575,2.061959000128977,5.04779242913066,1508.0731532179996,12.12845043001766
2026-01-05 13:38:00,Machine C,60.80104850118043,2.0164635079296214,4.945956112511715,1509.03295885798,11.69905185231824
2026-01-05 13:39:00,Machine A,60.64311163719292,2.0952444828036088,5.002802447314776,1506.1111799150988,11.867470089988045
2026-01-05 13:39:00,Machine B,59.982427314521615,2.0674148866156576,4.995860795015116,1519.13471409406,11.911396318652022
2026-01-05 13:39:00,Machine C,59.97458823710573,2.1525506808992314,5.041809905784043,1501.2986112195663,12.191166714616177
2026-01-05 13:40:00,Machine A,60.59058159328654,2.2255982556885803,4.991515341671687,1484.075303491662,12.132743748737084
2026-01-05 13:40:00,Machine B,60.768774213701825,2.2556377964691654,5.030992699016327,1502.7457271032636,11.723003375734852
2026-01-05 13:40:00,Machine C,60.126906008059485,2.1043610549047727,5.023586679442507,1498.832031485538,12.187004038146517
2026-01-05 13:41:00,Machine A,60.72149386749154,2.249603880676497,5.036598066919253,1520.2185962709905,12.033787199151748
2026-01-05 13:41:00,Machine B,59.99808343026536,2.0374114025586114,4.974237987793405,1486.6541651270861,12.10567541897305
2026-01-05 13:41:00,Machine C,59.659989745897626,2.1404045076959703,5.039022409030504,1486.4338320419379,11.742463066044877
2026-01-05 13:42:00,Machine A,60.32849210029349,2.229352735900321,5.0809617401696565,1508.8544710875851,12.141761903064424
2026-01-05 13:42:00,Machine B,59.72139859435162,2.167879347926128,4.9831356496079025,1514.8773397032844,11.992129187937962
2026-01-05 13:42:00,Machine C,59.68649342471517,2.056231202948188,5.013558314841839,1490.7052204101255,12.190640976698258
2026-01-05 13:43:00,Machine A,59.322645386404204,1.9640418762570846,4.999790712218412,1534.7856073627142,12.253241755618914
2026-01-05 13:43:00,Machine B,60.43655214446621,1.990528940741371,5.06848129345173,1497.9909104781486,11.981863831078428
2026-01-05 13:43:00,Machine C,59.54689070507916,1.9634423996172439,5.016147764645003,1475.4761029659226,11.939779280972893
2026-01-05 13:44:00,Machine A,60.625413639435166,2.1496281092162266,5.12051672443917,1492.9411244681182,12.079626335401665
2026-01-05 13:44:00,Machine B,59.963055074369706,2.2375075903555235,4.973459202229901,1516.8855183086039,12.118627906108793
2026-01-05 13:44:00,Machine C,60.156758632517516,2.1284763744201447,4.989656446345281,1491.58093790934,11.932985776007493
2026-01-05 13:45:00,Machine A,59.258901616694715,2.0825882355811443,5.032402252074052,1510.072760605199,11.645069612632552
2026-01-05 13:45:00,Machine B,60.0312096655574,2.207525996613884,4.95890965500427,1475.4115064377177,12.162065203353704
2026-01-05 13:45:00,Machine C,59.90489256566011,2.198444638074536,4.936837369109365,1528.0319514473672,11.832423681092667
2026-01-05 13:46:00,Machine A,60.02496620921761,2.089300174259306,4.925525304883446,1533.909923627411,11.90093256619626
2026-01-05 13:46:00,Machine B,61.08855293000908,2.1901149494403445,4.939940993848671,1502.566908113936,11.623725503523001
2026-01-05 13:46:00,Machine C,59.51807920583446,2.0997438796774954,5.0222503280570505,1496.8687845192562,12.303816735346576
2026-01-05 13:47:00,Machine A,59.2623594588092,2.235949431803632,4.959846742786074,1520.8505091958452,12.404439011385115
2026-01-05 13:47:00,Machine B,58.15024814216588,2.08439980676077,5.055108281995977,1511.094123219769,11.756055332380024
2026-01-05 13:47:00,Machine C,60.24779570410365,1.949333727901854,5.056523892139379,1514.192698328609,11.9051266371187
2026-01-05 13:48:00,Machine A,60.145145037008916,2.008219246140548,5.031124631161996,1480.305777237307,11.634013967534123
2026-01-05 13:48:00,Machine B,60.16338103833105,2.048039400781094,5.094284583289279,1501.9272598725533,12.046576355703245
2026-01-05 13:48:00,Machine C,60.34561044869068,2.1353614319766625,5.0367992052432795,1478.1046243554338,11.642630469882844
2026-01-05 13:49:00,Machine A,60.34788590642893,2.1016013521746806,5.02909324672271,1485.0528567652646,11.997851085918262
2026-01-05 13:49:00,Machine B,58.873028974582006,2.1278648078832703,4.926550030955144,1495.3976664813385,12.178985538289849
2026-01-05 13:49:00,Machine C,59.59656369318358,1.979889717961856,4.91526207501974,1501.4119581136076,12.112059668712021
2026-01-05 13:50:00,Machine A,59.99285348946851,2.0781287825000025,4.946346533646884,1494.719043938994,11.735730322934765
2026-01-05 13:50:00,Machine B,59.92931634747545,2.345178243031582,4.93271022012475,1498.4988153500185,11.715253577759254
2026-01-05 13:50:00,Machine C,60.50692801573988,2.0640266768625666,4.990434019997192,1494.8361844503333,11.719789651188558
2026-01-05 13:51:00,Machine A,60.04429553004383,2.144715782977986,4.988270174514448,1496.9738848322238,11.65583736830259
2026-01-05 13:51:00,Machine B,60.44827394293787,2.205315195828336,4.99060424866535,1487.7202646308092,11.996660277382741
2026-01-05 13:51:00,Machine C,59.66157695437241,2.1450825768557933,5.024878913734709,1495.844524316074,11.669186766947861
2026-01-05 13:52:00,Machine A,60.12860464522218,2.112092578534323,4.905552628647866,1500.9729802129389,12.102906505074891
2026-01-05 13:52:00,Machine B,58.81368837363025,2.202166484974931,5.020551133377129,1485.5601680475543,11.842447391968346
2026-01-05 13:52:00,Machine C,59.70722228619138,2.166042032590326,4.910361658544991,1487.4904918668747,11.587127198031583
2026-01-05 13:53:00,Machine A,61.234681340751244,2.1187672374584356,4.968078539636572,1497.3403211897887,12.094667978166605
2026-01-05 13:53:00,Machine B,60.86093584467015,2.016343194453731,4.962548755036923,1500.1583238717774,12.056628451900941
2026-01-05 13:53:00,Machine C,60.364763720243666,2.256916145901092,4.993687781028261,1499.5044322159133,12.305490469195902
2026-01-05 13:54:00,Machine A,60.15014938539538,2.1860940020070334,5.018052356759984,1498.8358121094332,11.710321325373032
2026-01-05 13:54:00,Machine B,59.259529751076464,2.0804202260957383,4.980625763392082,1491.627545152347,12.0495846009038
2026-01-05 13:54:00,Machine C,59.41391414183092,1.9683213044533054,5.013119421826536,1493.9289715022082,12.367662475937356
2026-01-05 13:55:00,Machine A,59.43593345937917,2.1455495269393676,5.043547625862574,1509.1002508025329,11.929120411161229
2026-01-05 13:55:00,Machine B,60.07686367496127,1.9769733238578286,5.03223824847865,1496.875059437131,12.092955772420105
2026-01-05 13:55:00,Machine C,59.97257185651999,2.1629279787728364,4.990055373155747,1482.5376309665642,12.113791121274787
2026-01-05 13:56:00,Machine A,59.386653999514444,2.1226665903485538,4.995174059845257,1474.407803643926,11.923268811389466
2026-01-05 13:56:00,Machine B,59.90071406794345,2.183439314986172,5.039774462910227,1512.2610130518206,11.44548927798926
2026-01-05 13:56:00,Machine C,61.47688584841449,2.0374139175380575,4.911827469717554,1500.0866214807022,11.944925534048568
2026-01-05 13:57:00,Machine A,59.9476235130723,2.080743356334982,5.026135990975806,1496.92405601169,11.932003579820643
2026-01-05 13:57:00,Machine B,60.65037974631785,2.086541622981958,4.893010550612341,1498.221526963286,11.84840399746459
2026-01-05 13:57:00,Machine C,59.98755608672064,2.016857949661475,4.935964128164081,1514.6722977908507,11.80606847732647
2026-01-05 13:58:00,Machine A,60.548582475737746,2.163587856393228,5.015143325725076,1508.6880397024422,12.27461762652123
2026-01-05 13:58:00,Machine B,59.68288007630994,2.155709605737767,4.96864520331453,1519.4412736735037,11.987364034366713
2026-01-05 13:58:00,Machine C,59.89029006161442,2.114102162858255,5.044956174199956,1482.3327526099959,11.94294036752249
2026-01-05 13:59:00,Machine A,60.88040028724649,1.9739261313450467,4.915499911602693,1509.2362381994726,12.173161442986554
2026-01-05 13:59:00,Machine B,60.44712418657885,2.0348909435318605,4.964657581247535,1502.2767141503837,12.180817791978743
2026-01-05 13:59:00,Machine C,59.853458020977335,2.1334367284034212,4.999565081499559,1493.4493969943658,12.249713156151481
2026-01-05 14:00:00,Machine A,59.045101418448226,2.0429099298523283,5.025803803816952,1503.8472234762583,12.119903398013152
2026-01-05 14:00:00,Machine B,59.551284703531856,1.970446100525217,4.947472350196424,1491.5561779700208,11.805134612676618
2026-01-05 14:00:00,Machine C,60.92379544378195,2.1403446801477286,5.107063610772701,1495.723523321203,11.673496191599515
